Monitoring Location Name,Activity Start Date,Characteristic Name,Sample Fraction,Result Value,Result Unit,Detection Condition,Monitoring Location ID,Monitoring Location Latitude,Monitoring Location Longitude,Detection Limit Value1,Detection Limit Unit1
Lincoln Point,02-10-2017,Phosphorus,Total,0.08,mg/l,,108,40.135681,-111.829214,,
Lincoln Point,02-22-2017,Phosphorus,Total,1.96,mg/l,,108,40.135681,-111.829214,,
Lincoln Point,02-27-2017,Phosphorus,Total,0.17,mg/l,,108,40.135681,-111.829214,,
Lincoln Point,03-05-2017,Phosphorus,Total,0.2,mg/l,,108,40.135681,-111.829214,,
Lincoln Point,03-23-2017,Phosphorus,Total,0.37,mg/l,,108,40.135681,-111.829214,,
Lincoln Point,03-27-2017,Phosphorus,Total,0.08,mg/l,,108,40.135681,-111.829214,,
Lincoln Point,03-30-2017,Phosphorus,Total,0.06,mg/l,,108,40.135681,-111.829214,,
Lincoln Point,04-08-2017,Phosphorus,Total,0.07,mg/l,,108,40.135681,-111.829214,,
Lincoln Point,04-19-2017,Phosphorus,Total,0.07,mg/l,,108,40.135681,-111.829214,,
Lincoln Point,04-21-2017,Phosphorus,Total,0.06,mg/l,,108,40.135681,-111.829214,,
Lincoln Point,04-25-2017,Phosphorus,Total,0.06,mg/l,,108,40.135681,-111.829214,,
Lincoln Point,05-06-2017,Phosphorus,Total,0.37,mg/l,,108,40.135681,-111.829214,,
Lincoln Point,05-17-2017,Phosphorus,Total,8.9,mg/l,,108,40.135681,-111.829214,,
Lincoln Point,05-21-2017,Phosphorus,Total,1.4,mg/l,,108,40.135681,-111.829214,,
Lincoln Point,07-25-2017,Phosphorus,Total,8.8,mg/l,,108,40.135681,-111.829214,,
Lincoln Point,09-15-2017,Phosphorus,Total,0.69,mg/l,,108,40.135681,-111.829214,,
Lincoln Point,09-24-2017,Phosphorus,Total,0.18,mg/l,,108,40.135681,-111.829214,,
Lincoln Point,11-05-2017,Phosphorus,Total,1.1,mg/l,,108,40.135681,-111.829214,,
Lincoln Point,11-17-2017,Phosphorus,Total,0.18,mg/l,,108,40.135681,-111.829214,,
Lincoln Point,01-09-2018,Phosphorus,Total,0.1,mg/l,,108,40.135681,-111.829214,,
Lincoln Point,02-15-2018,Phosphorus,Total,0.03,mg/l,,108,40.135681,-111.829214,,
Lincoln Point,03-16-2018,Phosphorus,Total,0.01,mg/l,,108,40.135681,-111.829214,,
Lincoln Point,03-23-2018,Phosphorus,Total,0.03,mg/l,,108,40.135681,-111.829214,,
Lincoln Point,04-07-2018,Phosphorus,Total,1.6,mg/l,,108,40.135681,-111.829214,,
Lincoln Point,04-20-2018,Phosphorus,Total,0.55,mg/l,,108,40.135681,-111.829214,,
Lincoln Point,04-30-2018,Phosphorus,Total,0.49,mg/l,,108,40.135681,-111.829214,,
Lincoln Point,05-03-2018,Phosphorus,Total,0.23,mg/l,,108,40.135681,-111.829214,,
Lincoln Point,05-11-2018,Phosphorus,Total,0.18,mg/l,,108,40.135681,-111.829214,,
Lincoln Point,08-22-2018,Phosphorus,Total,6.3,mg/l,,108,40.135681,-111.829214,,
Lincoln Point,10-03-2018,Phosphorus,Total,5.3,mg/l,,108,40.135681,-111.829214,,
Lincoln Point,10-10-2018,Phosphorus,Total,0.09,mg/l,,108,40.135681,-111.829214,,
Lincoln Point,11-30-2018,Phosphorus,Total,0.4,mg/l,,108,40.135681,-111.829214,,
Lincoln Point,01-18-2019,Phosphorus,Total,0.04,mg/l,,108,40.135681,-111.829214,,
Lincoln Point,03-06-2019,Phosphorus,Total,0.11,mg/l,,108,40.135681,-111.829214,,
Lincoln Point,03-29-2019,Phosphorus,Total,0.04,mg/l,,108,40.135681,-111.829214,,
Lincoln Point,04-10-2019,Phosphorus,Total,0.57,mg/l,,108,40.135681,-111.829214,,
Lincoln Point,04-21-2019,Phosphorus,Total,0.6,mg/l,,108,40.135681,-111.829214,,
Lincoln Point,05-07-2019,Phosphorus,Total,0.23,mg/l,,108,40.135681,-111.829214,,
Lincoln Point,05-21-2019,Phosphorus,Total,0.39,mg/l,,108,40.135681,-111.829214,,
Lincoln Point,06-21-2019,Phosphorus,Total,2.2,mg/l,,108,40.135681,-111.829214,,
Lincoln Point,08-01-2019,Phosphorus,Total,3.7,mg/l,,108,40.135681,-111.829214,,
Lincoln Point,08-09-2019,Phosphorus,Total,1.4,mg/l,,108,40.135681,-111.829214,,
Lincoln Point,09-11-2019,Phosphorus,Total,1.7,mg/l,,108,40.135681,-111.829214,,
Lincoln Point,11-20-2019,Phosphorus,Total,0.12,mg/l,,108,40.135681,-111.829214,,
Lincoln Point,01-16-2020,Phosphorus,Total,0.42,mg/l,,108,40.135681,-111.829214,,
Lincoln Point,01-23-2020,Phosphorus,Total,0.04,mg/l,,108,40.135681,-111.829214,,
Lincoln Point,02-08-2020,Phosphorus,Total,0.04,mg/l,,108,40.135681,-111.829214,,
Lincoln Point,03-13-2020,Phosphorus,Total,0.11,mg/l,,108,40.135681,-111.829214,,
Lincoln Point,03-25-2020,Phosphorus,Total,0.06,mg/l,,108,40.135681,-111.829214,,
Lincoln Point,01-18-2019,Ortho Phosphorus,Total,0.01,mg/l,,108,40.135681,-111.829214,,
Lincoln Point,03-06-2019,Ortho Phosphorus,Total,0.02,mg/l,,108,40.135681,-111.829214,,
Lincoln Point,03-29-2019,Ortho Phosphorus,Total,0.04,mg/l,,108,40.135681,-111.829214,,
Lincoln Point,04-10-2019,Ortho Phosphorus,Total,0.29,mg/l,,108,40.135681,-111.829214,,
Lincoln Point,04-21-2019,Ortho Phosphorus,Total,0.1,mg/l,,108,40.135681,-111.829214,,
Lincoln Point,05-07-2019,Ortho Phosphorus,Total,0.08,mg/l,,108,40.135681,-111.829214,,
Lincoln Point,05-21-2019,Ortho Phosphorus,Total,0.27,mg/l,,108,40.135681,-111.829214,,
Lincoln Point,06-21-2019,Ortho Phosphorus,Total,0.51,mg/l,,108,40.135681,-111.829214,,
Lincoln Point,08-01-2019,Ortho Phosphorus,Total,2.2,mg/l,,108,40.135681,-111.829214,,
Lincoln Point,08-09-2019,Ortho Phosphorus,Total,1,mg/l,,108,40.135681,-111.829214,,
Lincoln Point,09-11-2019,Ortho Phosphorus,Total,1.4,mg/l,,108,40.135681,-111.829214,,
Lincoln Point,11-20-2019,Ortho Phosphorus,Total,0,mg/l,No detected,108,40.135681,-111.829214,,
Lincoln Point,01-16-2020,Ortho Phosphorus,Total,0.11,mg/l,,108,40.135681,-111.829214,,
Lincoln Point,01-23-2020,Ortho Phosphorus,Total,0.03,mg/l,,108,40.135681,-111.829214,,
Lincoln Point,02-08-2020,Ortho Phosphorus,Total,0,mg/l,No detected,108,40.135681,-111.829214,,
Lincoln Point,03-13-2020,Ortho Phosphorus,Total,0.02,mg/l,,108,40.135681,-111.829214,,
Lincoln Point,03-25-2020,Ortho Phosphorus,Total,0.02,mg/l,,108,40.135681,-111.829214,,
Lincoln Point,02-10-2017,Nitrogen,Total,1.42,mg/l,,108,40.135681,-111.829214,,
Lincoln Point,02-22-2017,Nitrogen,Total,24.4,mg/l,,108,40.135681,-111.829214,,
Lincoln Point,02-27-2017,Nitrogen,Total,5.31,mg/l,,108,40.135681,-111.829214,,
Lincoln Point,03-05-2017,Nitrogen,Total,4.83,mg/l,,108,40.135681,-111.829214,,
Lincoln Point,03-23-2017,Nitrogen,Total,3.06,mg/l,,108,40.135681,-111.829214,,
Lincoln Point,03-27-2017,Nitrogen,Total,1.35,mg/l,,108,40.135681,-111.829214,,
Lincoln Point,03-30-2017,Nitrogen,Total,2.46,mg/l,,108,40.135681,-111.829214,,
Lincoln Point,04-08-2017,Nitrogen,Total,2.11,mg/l,,108,40.135681,-111.829214,,
Lincoln Point,04-19-2017,Nitrogen,Total,0.95,mg/l,,108,40.135681,-111.829214,,
Lincoln Point,04-21-2017,Nitrogen,Total,5.03,mg/l,,108,40.135681,-111.829214,,
Lincoln Point,04-25-2017,Nitrogen,Total,1,mg/l,,108,40.135681,-111.829214,,
Lincoln Point,05-06-2017,Nitrogen,Total,1.5,mg/l,,108,40.135681,-111.829214,,
Lincoln Point,05-17-2017,Nitrogen,Total,6.9,mg/l,,108,40.135681,-111.829214,,
Lincoln Point,05-21-2017,Nitrogen,Total,1.7,mg/l,,108,40.135681,-111.829214,,
Lincoln Point,06-13-2017,Nitrogen,Total,14,mg/l,,108,40.135681,-111.829214,,
Lincoln Point,07-25-2017,Nitrogen,Total,23.6,mg/l,,108,40.135681,-111.829214,,
Lincoln Point,08-10-2017,Nitrogen,Total,21.4,mg/l,,108,40.135681,-111.829214,,
Lincoln Point,09-15-2017,Nitrogen,Total,1,mg/l,,108,40.135681,-111.829214,,
Lincoln Point,09-24-2017,Nitrogen,Total,1.05,mg/l,,108,40.135681,-111.829214,,
Lincoln Point,11-05-2017,Nitrogen,Total,0,mg/l,No detected,108,40.135681,-111.829214,,
Lincoln Point,11-17-2017,Nitrogen,Total,0.9,mg/l,,108,40.135681,-111.829214,,
Lincoln Point,01-09-2018,Nitrogen,Total,1.2,mg/l,,108,40.135681,-111.829214,,
Lincoln Point,02-15-2018,Nitrogen,Total,2.4,mg/l,,108,40.135681,-111.829214,,
Lincoln Point,03-16-2018,Nitrogen,Total,0.5,mg/l,,108,40.135681,-111.829214,,
Lincoln Point,03-23-2018,Nitrogen,Total,0.5,mg/l,,108,40.135681,-111.829214,,
Lincoln Point,04-07-2018,Nitrogen,Total,1.2,mg/l,,108,40.135681,-111.829214,,
Lincoln Point,04-20-2018,Nitrogen,Total,0.4,mg/l,,108,40.135681,-111.829214,,
Lincoln Point,04-30-2018,Nitrogen,Total,1.3,mg/l,,108,40.135681,-111.829214,,
Lincoln Point,05-03-2018,Nitrogen,Total,1.7,mg/l,,108,40.135681,-111.829214,,
Lincoln Point,05-11-2018,Nitrogen,Total,2.7,mg/l,,108,40.135681,-111.829214,,
Lincoln Point,08-22-2018,Nitrogen,Total,34.2,mg/l,,108,40.135681,-111.829214,,
Lincoln Point,10-03-2018,Nitrogen,Total,12.4,mg/l,,108,40.135681,-111.829214,,
Lincoln Point,10-10-2018,Nitrogen,Total,0.7,mg/l,,108,40.135681,-111.829214,,
Lincoln Point,11-30-2018,Nitrogen,Total,0.3,mg/l,,108,40.135681,-111.829214,,
Lincoln Point,01-18-2019,Nitrogen,Total,0,mg/l,No detected,108,40.135681,-111.829214,,
Lincoln Point,03-06-2019,Nitrogen,Total,0,mg/l,No detected,108,40.135681,-111.829214,,
Lincoln Point,03-29-2019,Nitrogen,Total,0,mg/l,No detected,108,40.135681,-111.829214,,
Lincoln Point,04-10-2019,Nitrogen,Total,2.6,mg/l,,108,40.135681,-111.829214,,
Lincoln Point,04-21-2019,Nitrogen,Total,1.2,mg/l,,108,40.135681,-111.829214,,
Lincoln Point,05-07-2019,Nitrogen,Total,1.3,mg/l,,108,40.135681,-111.829214,,
Lincoln Point,05-21-2019,Nitrogen,Total,1,mg/l,,108,40.135681,-111.829214,,
Lincoln Point,06-21-2019,Nitrogen,Total,3.6,mg/l,,108,40.135681,-111.829214,,
Lincoln Point,08-01-2019,Nitrogen,Total,9.6,mg/l,,108,40.135681,-111.829214,,
Lincoln Point,08-09-2019,Nitrogen,Total,4.8,mg/l,,108,40.135681,-111.829214,,
Lincoln Point,09-11-2019,Nitrogen,Total,3.7,mg/l,,108,40.135681,-111.829214,,
Lincoln Point,11-20-2019,Nitrogen,Total,0,mg/l,No detected,108,40.135681,-111.829214,,
Lincoln Point,01-16-2020,Nitrogen,Total,1.8,mg/l,,108,40.135681,-111.829214,,
Lincoln Point,01-23-2020,Nitrogen,Total,1.2,mg/l,,108,40.135681,-111.829214,,
Lincoln Point,02-08-2020,Nitrogen,Total,0,mg/l,No detected,108,40.135681,-111.829214,,
Lincoln Point,03-13-2020,Nitrogen,Total,1.1,mg/l,,108,40.135681,-111.829214,,
Lincoln Point,03-25-2020,Nitrogen,Total,0.3,mg/l,,108,40.135681,-111.829214,,
Pelican Point,02-10-2017,Phosphorus,Total,0.09,mg/l,,104,40.275808,-111.867658,,
Pelican Point,02-22-2017,Phosphorus,Total,0.18,mg/l,,104,40.275808,-111.867658,,
Pelican Point,02-27-2017,Phosphorus,Total,0.05,mg/l,,104,40.275808,-111.867658,,
Pelican Point,03-05-2017,Phosphorus,Total,0.21,mg/l,,104,40.275808,-111.867658,,
Pelican Point,03-23-2017,Phosphorus,Total,0.11,mg/l,,104,40.275808,-111.867658,,
Pelican Point,03-27-2017,Phosphorus,Total,0.16,mg/l,,104,40.275808,-111.867658,,
Pelican Point,03-30-2017,Phosphorus,Total,0.06,mg/l,,104,40.275808,-111.867658,,
Pelican Point,04-08-2017,Phosphorus,Total,0.14,mg/l,,104,40.275808,-111.867658,,
Pelican Point,04-19-2017,Phosphorus,Total,0.06,mg/l,,104,40.275808,-111.867658,,
Pelican Point,04-21-2017,Phosphorus,Total,0.14,mg/l,,104,40.275808,-111.867658,,
Pelican Point,04-25-2017,Phosphorus,Total,0.05,mg/l,,104,40.275808,-111.867658,,
Pelican Point,05-06-2017,Phosphorus,Total,0.1,mg/l,,104,40.275808,-111.867658,,
Pelican Point,05-17-2017,Phosphorus,Total,0.04,mg/l,,104,40.275808,-111.867658,,
Pelican Point,05-21-2017,Phosphorus,Total,0.21,mg/l,,104,40.275808,-111.867658,,
Pelican Point,06-20-2017,Phosphorus,Total,1,mg/l,,104,40.275808,-111.867658,,
Pelican Point,09-15-2017,Phosphorus,Total,0.14,mg/l,,104,40.275808,-111.867658,,
Pelican Point,09-24-2017,Phosphorus,Total,0.06,mg/l,,104,40.275808,-111.867658,,
Pelican Point,11-05-2017,Phosphorus,Total,0.82,mg/l,,104,40.275808,-111.867658,,
Pelican Point,11-17-2017,Phosphorus,Total,0.12,mg/l,,104,40.275808,-111.867658,,
Pelican Point,01-09-2018,Phosphorus,Total,0.03,mg/l,,104,40.275808,-111.867658,,
Pelican Point,02-15-2018,Phosphorus,Total,6.7,mg/l,,104,40.275808,-111.867658,,
Pelican Point,03-16-2018,Phosphorus,Total,0.67,mg/l,,104,40.275808,-111.867658,,
Pelican Point,03-23-2018,Phosphorus,Total,2.5,mg/l,,104,40.275808,-111.867658,,
Pelican Point,04-07-2018,Phosphorus,Total,0.55,mg/l,,104,40.275808,-111.867658,,
Pelican Point,04-20-2018,Phosphorus,Total,1.8,mg/l,,104,40.275808,-111.867658,,
Pelican Point,04-30-2018,Phosphorus,Total,0.3,mg/l,,104,40.275808,-111.867658,,
Pelican Point,05-03-2018,Phosphorus,Total,0.02,mg/l,,104,40.275808,-111.867658,,
Pelican Point,05-11-2018,Phosphorus,Total,1.4,mg/l,,104,40.275808,-111.867658,,
Pelican Point,08-22-2018,Phosphorus,Total,1.3,mg/l,,104,40.275808,-111.867658,,
Pelican Point,10-10-2018,Phosphorus,Total,0.04,mg/l,,104,40.275808,-111.867658,,
Pelican Point,11-30-2018,Phosphorus,Total,0.19,mg/l,,104,40.275808,-111.867658,,
Pelican Point,01-18-2019,Phosphorus,Total,0.01,mg/l,,104,40.275808,-111.867658,,
Pelican Point,03-29-2019,Phosphorus,Total,0.4,mg/l,,104,40.275808,-111.867658,,
Pelican Point,04-10-2019,Phosphorus,Total,0.19,mg/l,,104,40.275808,-111.867658,,
Pelican Point,05-07-2019,Phosphorus,Total,0.53,mg/l,,104,40.275808,-111.867658,,
Pelican Point,05-21-2019,Phosphorus,Total,0.08,mg/l,,104,40.275808,-111.867658,,
Pelican Point,09-11-2019,Phosphorus,Total,7.8,mg/l,,104,40.275808,-111.867658,,
Pelican Point,11-20-2019,Phosphorus,Total,0.62,mg/l,,104,40.275808,-111.867658,,
Pelican Point,01-23-2020,Phosphorus,Total,0.43,mg/l,,104,40.275808,-111.867658,,
Pelican Point,03-13-2020,Phosphorus,Total,2.1,mg/l,,104,40.275808,-111.867658,,
Pelican Point,03-25-2020,Phosphorus,Total,0.1,mg/l,,104,40.275808,-111.867658,,
Pelican Point,01-18-2019,Ortho Phosphorus,Total,0.02,mg/l,,104,40.275808,-111.867658,,
Pelican Point,03-29-2019,Ortho Phosphorus,Total,0.12,mg/l,,104,40.275808,-111.867658,,
Pelican Point,04-10-2019,Ortho Phosphorus,Total,0.08,mg/l,,104,40.275808,-111.867658,,
Pelican Point,05-07-2019,Ortho Phosphorus,Total,0.23,mg/l,,104,40.275808,-111.867658,,
Pelican Point,05-21-2019,Ortho Phosphorus,Total,0.02,mg/l,,104,40.275808,-111.867658,,
Pelican Point,11-20-2019,Ortho Phosphorus,Total,0.17,mg/l,,104,40.275808,-111.867658,,
Pelican Point,01-23-2020,Ortho Phosphorus,Total,0.07,mg/l,,104,40.275808,-111.867658,,
Pelican Point,03-13-2020,Ortho Phosphorus,Total,0.21,mg/l,,104,40.275808,-111.867658,,
Pelican Point,03-25-2020,Ortho Phosphorus,Total,0.02,mg/l,,104,40.275808,-111.867658,,
Pelican Point,02-10-2017,Nitrogen,Total,0,mg/l,No detected,104,40.275808,-111.867658,,
Pelican Point,02-22-2017,Nitrogen,Total,1.04,mg/l,,104,40.275808,-111.867658,,
Pelican Point,02-27-2017,Nitrogen,Total,3.33,mg/l,,104,40.275808,-111.867658,,
Pelican Point,03-05-2017,Nitrogen,Total,3.33,mg/l,,104,40.275808,-111.867658,,
Pelican Point,03-23-2017,Nitrogen,Total,1.36,mg/l,,104,40.275808,-111.867658,,
Pelican Point,03-27-2017,Nitrogen,Total,2.04,mg/l,,104,40.275808,-111.867658,,
Pelican Point,03-30-2017,Nitrogen,Total,2.2,mg/l,,104,40.275808,-111.867658,,
Pelican Point,04-08-2017,Nitrogen,Total,4.07,mg/l,,104,40.275808,-111.867658,,
Pelican Point,04-19-2017,Nitrogen,Total,0.84,mg/l,,104,40.275808,-111.867658,,
Pelican Point,04-21-2017,Nitrogen,Total,2.76,mg/l,,104,40.275808,-111.867658,,
Pelican Point,04-25-2017,Nitrogen,Total,1.3,mg/l,,104,40.275808,-111.867658,,
Pelican Point,05-06-2017,Nitrogen,Total,1.1,mg/l,,104,40.275808,-111.867658,,
Pelican Point,05-17-2017,Nitrogen,Total,1.1,mg/l,,104,40.275808,-111.867658,,
Pelican Point,05-21-2017,Nitrogen,Total,0.7,mg/l,,104,40.275808,-111.867658,,
Pelican Point,06-13-2017,Nitrogen,Total,0,mg/l,No detected,104,40.275808,-111.867658,,
Pelican Point,06-20-2017,Nitrogen,Total,9.91,mg/l,,104,40.275808,-111.867658,,
Pelican Point,08-10-2017,Nitrogen,Total,79.2,mg/l,,104,40.275808,-111.867658,,
Pelican Point,09-15-2017,Nitrogen,Total,0.7,mg/l,,104,40.275808,-111.867658,,
Pelican Point,09-24-2017,Nitrogen,Total,0.66,mg/l,,104,40.275808,-111.867658,,
Pelican Point,11-05-2017,Nitrogen,Total,3.6,mg/l,,104,40.275808,-111.867658,,
Pelican Point,11-17-2017,Nitrogen,Total,1.7,mg/l,,104,40.275808,-111.867658,,
Pelican Point,01-09-2018,Nitrogen,Total,0.8,mg/l,,104,40.275808,-111.867658,,
Pelican Point,02-15-2018,Nitrogen,Total,1.6,mg/l,,104,40.275808,-111.867658,,
Pelican Point,03-16-2018,Nitrogen,Total,3.6,mg/l,,104,40.275808,-111.867658,,
Pelican Point,03-23-2018,Nitrogen,Total,6.3,mg/l,,104,40.275808,-111.867658,,
Pelican Point,04-07-2018,Nitrogen,Total,0.7,mg/l,,104,40.275808,-111.867658,,
Pelican Point,04-20-2018,Nitrogen,Total,7.8,mg/l,,104,40.275808,-111.867658,,
Pelican Point,04-30-2018,Nitrogen,Total,0.7,mg/l,,104,40.275808,-111.867658,,
Pelican Point,05-03-2018,Nitrogen,Total,0.9,mg/l,,104,40.275808,-111.867658,,
Pelican Point,05-11-2018,Nitrogen,Total,2.4,mg/l,,104,40.275808,-111.867658,,
Pelican Point,08-22-2018,Nitrogen,Total,5.7,mg/l,,104,40.275808,-111.867658,,
Pelican Point,10-03-2018,Nitrogen,Total,10.2,mg/l,,104,40.275808,-111.867658,,
Pelican Point,10-10-2018,Nitrogen,Total,0.4,mg/l,,104,40.275808,-111.867658,,
Pelican Point,11-30-2018,Nitrogen,Total,0.4,mg/l,,104,40.275808,-111.867658,,
Pelican Point,01-18-2019,Nitrogen,Total,0.2,mg/l,,104,40.275808,-111.867658,,
Pelican Point,03-29-2019,Nitrogen,Total,3.1,mg/l,,104,40.275808,-111.867658,,
Pelican Point,04-10-2019,Nitrogen,Total,1.8,mg/l,,104,40.275808,-111.867658,,
Pelican Point,05-07-2019,Nitrogen,Total,1.3,mg/l,,104,40.275808,-111.867658,,
Pelican Point,05-21-2019,Nitrogen,Total,0.5,mg/l,,104,40.275808,-111.867658,,
Pelican Point,11-20-2019,Nitrogen,Total,4.1,mg/l,,104,40.275808,-111.867658,,
Pelican Point,01-23-2020,Nitrogen,Total,1.1,mg/l,,104,40.275808,-111.867658,,
Pelican Point,03-13-2020,Nitrogen,Total,0,mg/l,No detected,104,40.275808,-111.867658,,
Pelican Point,03-25-2020,Nitrogen,Total,0.3,mg/l,,104,40.275808,-111.867658,,
Genola,03-05-2017,Phosphorus,Total,0,mg/l,No detected,107,40.036575,-111.852589,,
Genola,03-23-2017,Phosphorus,Total,0.28,mg/l,,107,40.036575,-111.852589,,
Genola,03-27-2017,Phosphorus,Total,0.02,mg/l,,107,40.036575,-111.852589,,
Genola,03-30-2017,Phosphorus,Total,0.04,mg/l,,107,40.036575,-111.852589,,
Genola,04-08-2017,Phosphorus,Total,0.28,mg/l,,107,40.036575,-111.852589,,
Genola,04-19-2017,Phosphorus,Total,0.09,mg/l,,107,40.036575,-111.852589,,
Genola,04-21-2017,Phosphorus,Total,0.03,mg/l,,107,40.036575,-111.852589,,
Genola,04-25-2017,Phosphorus,Total,10,mg/l,,107,40.036575,-111.852589,,
Genola,05-06-2017,Phosphorus,Total,2.1,mg/l,,107,40.036575,-111.852589,,
Genola,05-17-2017,Phosphorus,Total,2.6,mg/l,,107,40.036575,-111.852589,,
Genola,05-21-2017,Phosphorus,Total,9.8,mg/l,,107,40.036575,-111.852589,,
Genola,07-17-2017,Phosphorus,Total,7.8,mg/l,,107,40.036575,-111.852589,,
Genola,07-25-2017,Phosphorus,Total,5.3,mg/l,,107,40.036575,-111.852589,,
Genola,08-10-2017,Phosphorus,Total,0.64,mg/l,,107,40.036575,-111.852589,,
Genola,09-15-2017,Phosphorus,Total,0.07,mg/l,,107,40.036575,-111.852589,,
Genola,09-24-2017,Phosphorus,Total,0.07,mg/l,,107,40.036575,-111.852589,,
Genola,11-05-2017,Phosphorus,Total,0.62,mg/l,,107,40.036575,-111.852589,,
Genola,11-17-2017,Phosphorus,Total,0.34,mg/l,,107,40.036575,-111.852589,,
Genola,01-09-2018,Phosphorus,Total,0.06,mg/l,,107,40.036575,-111.852589,,
Genola,02-15-2018,Phosphorus,Total,0.16,mg/l,,107,40.036575,-111.852589,,
Genola,03-16-2018,Phosphorus,Total,0.04,mg/l,,107,40.036575,-111.852589,,
Genola,03-23-2018,Phosphorus,Total,0.02,mg/l,,107,40.036575,-111.852589,,
Genola,04-07-2018,Phosphorus,Total,0.09,mg/l,,107,40.036575,-111.852589,,
Genola,04-20-2018,Phosphorus,Total,0.55,mg/l,,107,40.036575,-111.852589,,
Genola,04-30-2018,Phosphorus,Total,0.91,mg/l,,107,40.036575,-111.852589,,
Genola,05-03-2018,Phosphorus,Total,2.7,mg/l,,107,40.036575,-111.852589,,
Genola,05-11-2018,Phosphorus,Total,1.8,mg/l,,107,40.036575,-111.852589,,
Genola,08-22-2018,Phosphorus,Total,6,mg/l,,107,40.036575,-111.852589,,
Genola,10-03-2018,Phosphorus,Total,0.73,mg/l,,107,40.036575,-111.852589,,
Genola,10-10-2018,Phosphorus,Total,0.07,mg/l,,107,40.036575,-111.852589,,
Genola,11-30-2018,Phosphorus,Total,0.1,mg/l,,107,40.036575,-111.852589,,
Genola,01-18-2019,Phosphorus,Total,0.46,mg/l,,107,40.036575,-111.852589,,
Genola,03-07-2019,Phosphorus,Total,0.24,mg/l,,107,40.036575,-111.852589,,
Genola,03-29-2019,Phosphorus,Total,0.05,mg/l,,107,40.036575,-111.852589,,
Genola,04-10-2019,Phosphorus,Total,0.26,mg/l,,107,40.036575,-111.852589,,
Genola,04-21-2019,Phosphorus,Total,0.06,mg/l,,107,40.036575,-111.852589,,
Genola,05-07-2019,Phosphorus,Total,0.05,mg/l,,107,40.036575,-111.852589,,
Genola,05-21-2019,Phosphorus,Total,0.1,mg/l,,107,40.036575,-111.852589,,
Genola,06-21-2019,Phosphorus,Total,0.39,mg/l,,107,40.036575,-111.852589,,
Genola,08-01-2019,Phosphorus,Total,0.44,mg/l,,107,40.036575,-111.852589,,
Genola,08-09-2019,Phosphorus,Total,1.4,mg/l,,107,40.036575,-111.852589,,
Genola,09-11-2019,Phosphorus,Total,0.02,mg/l,,107,40.036575,-111.852589,,
Genola,11-20-2019,Phosphorus,Total,0.1,mg/l,,107,40.036575,-111.852589,,
Genola,01-23-2020,Phosphorus,Total,0.47,mg/l,,107,40.036575,-111.852589,,
Genola,02-08-2020,Phosphorus,Total,0.04,mg/l,,107,40.036575,-111.852589,,
Genola,03-13-2020,Phosphorus,Total,0.1,mg/l,,107,40.036575,-111.852589,,
Genola,03-25-2020,Phosphorus,Total,0.06,mg/l,,107,40.036575,-111.852589,,
Genola,01-18-2019,Ortho Phosphorus,Total,0.01,mg/l,,107,40.036575,-111.852589,,
Genola,03-07-2019,Ortho Phosphorus,Total,0.07,mg/l,,107,40.036575,-111.852589,,
Genola,03-29-2019,Ortho Phosphorus,Total,0.02,mg/l,,107,40.036575,-111.852589,,
Genola,04-10-2019,Ortho Phosphorus,Total,0.02,mg/l,,107,40.036575,-111.852589,,
Genola,04-21-2019,Ortho Phosphorus,Total,0.02,mg/l,,107,40.036575,-111.852589,,
Genola,05-07-2019,Ortho Phosphorus,Total,0.02,mg/l,,107,40.036575,-111.852589,,
Genola,05-21-2019,Ortho Phosphorus,Total,0.09,mg/l,,107,40.036575,-111.852589,,
Genola,06-21-2019,Ortho Phosphorus,Total,0.08,mg/l,,107,40.036575,-111.852589,,
Genola,08-01-2019,Ortho Phosphorus,Total,0.04,mg/l,,107,40.036575,-111.852589,,
Genola,08-09-2019,Ortho Phosphorus,Total,1.1,mg/l,,107,40.036575,-111.852589,,
Genola,09-11-2019,Ortho Phosphorus,Total,0,mg/l,No detected,107,40.036575,-111.852589,,
Genola,11-20-2019,Ortho Phosphorus,Total,0.04,mg/l,,107,40.036575,-111.852589,,
Genola,01-23-2020,Ortho Phosphorus,Total,0.05,mg/l,,107,40.036575,-111.852589,,
Genola,02-08-2020,Ortho Phosphorus,Total,0,mg/l,No detected,107,40.036575,-111.852589,,
Genola,03-13-2020,Ortho Phosphorus,Total,0,mg/l,No detected,107,40.036575,-111.852589,,
Genola,03-25-2020,Ortho Phosphorus,Total,0,mg/l,No detected,107,40.036575,-111.852589,,
Genola,03-05-2017,Nitrogen,Total,2.19,mg/l,,107,40.036575,-111.852589,,
Genola,03-23-2017,Nitrogen,Total,1.89,mg/l,,107,40.036575,-111.852589,,
Genola,03-27-2017,Nitrogen,Total,1.19,mg/l,,107,40.036575,-111.852589,,
Genola,03-30-2017,Nitrogen,Total,1.43,mg/l,,107,40.036575,-111.852589,,
Genola,04-08-2017,Nitrogen,Total,2.37,mg/l,,107,40.036575,-111.852589,,
Genola,04-19-2017,Nitrogen,Total,1.24,mg/l,,107,40.036575,-111.852589,,
Genola,04-21-2017,Nitrogen,Total,1.31,mg/l,,107,40.036575,-111.852589,,
Genola,04-25-2017,Nitrogen,Total,1.6,mg/l,,107,40.036575,-111.852589,,
Genola,05-06-2017,Nitrogen,Total,2.3,mg/l,,107,40.036575,-111.852589,,
Genola,05-17-2017,Nitrogen,Total,7.3,mg/l,,107,40.036575,-111.852589,,
Genola,05-21-2017,Nitrogen,Total,0.9,mg/l,,107,40.036575,-111.852589,,
Genola,07-17-2017,Nitrogen,Total,11.8,mg/l,,107,40.036575,-111.852589,,
Genola,07-25-2017,Nitrogen,Total,3.55,mg/l,,107,40.036575,-111.852589,,
Genola,08-10-2017,Nitrogen,Total,0,mg/l,No detected,107,40.036575,-111.852589,,
Genola,09-15-2017,Nitrogen,Total,0.51,mg/l,,107,40.036575,-111.852589,,
Genola,09-24-2017,Nitrogen,Total,1.1,mg/l,,107,40.036575,-111.852589,,
Genola,11-05-2017,Nitrogen,Total,1.8,mg/l,,107,40.036575,-111.852589,,
Genola,11-17-2017,Nitrogen,Total,1.5,mg/l,,107,40.036575,-111.852589,,
Genola,01-09-2018,Nitrogen,Total,1,mg/l,,107,40.036575,-111.852589,,
Genola,02-15-2018,Nitrogen,Total,2.2,mg/l,,107,40.036575,-111.852589,,
Genola,03-16-2018,Nitrogen,Total,0.4,mg/l,,107,40.036575,-111.852589,,
Genola,03-23-2018,Nitrogen,Total,0.4,mg/l,,107,40.036575,-111.852589,,
Genola,04-07-2018,Nitrogen,Total,0.8,mg/l,,107,40.036575,-111.852589,,
Genola,04-20-2018,Nitrogen,Total,1.6,mg/l,,107,40.036575,-111.852589,,
Genola,04-30-2018,Nitrogen,Total,1.1,mg/l,,107,40.036575,-111.852589,,
Genola,05-03-2018,Nitrogen,Total,8.9,mg/l,,107,40.036575,-111.852589,,
Genola,05-11-2018,Nitrogen,Total,1,mg/l,,107,40.036575,-111.852589,,
Genola,08-22-2018,Nitrogen,Total,4.4,mg/l,,107,40.036575,-111.852589,,
Genola,10-03-2018,Nitrogen,Total,1.3,mg/l,,107,40.036575,-111.852589,,
Genola,10-10-2018,Nitrogen,Total,0.5,mg/l,,107,40.036575,-111.852589,,
Genola,11-30-2018,Nitrogen,Total,0,mg/l,No detected,107,40.036575,-111.852589,,
Genola,01-18-2019,Nitrogen,Total,0,mg/l,No detected,107,40.036575,-111.852589,,
Genola,03-07-2019,Nitrogen,Total,1.1,mg/l,,107,40.036575,-111.852589,,
Genola,03-29-2019,Nitrogen,Total,1,mg/l,,107,40.036575,-111.852589,,
Genola,04-10-2019,Nitrogen,Total,1.5,mg/l,,107,40.036575,-111.852589,,
Genola,05-07-2019,Nitrogen,Total,0.8,mg/l,,107,40.036575,-111.852589,,
Genola,05-21-2019,Nitrogen,Total,0.4,mg/l,,107,40.036575,-111.852589,,
Genola,06-21-2019,Nitrogen,Total,1,mg/l,,107,40.036575,-111.852589,,
Genola,08-01-2019,Nitrogen,Total,0.9,mg/l,,107,40.036575,-111.852589,,
Genola,08-09-2019,Nitrogen,Total,4.1,mg/l,,107,40.036575,-111.852589,,
Genola,09-11-2019,Nitrogen,Total,0,mg/l,No detected,107,40.036575,-111.852589,,
Genola,11-20-2019,Nitrogen,Total,0.6,mg/l,,107,40.036575,-111.852589,,
Genola,01-23-2020,Nitrogen,Total,1.1,mg/l,,107,40.036575,-111.852589,,
Genola,02-08-2020,Nitrogen,Total,0.9,mg/l,,107,40.036575,-111.852589,,
Genola,03-13-2020,Nitrogen,Total,0.5,mg/l,,107,40.036575,-111.852589,,
Genola,03-25-2020,Nitrogen,Total,0.2,mg/l,,107,40.036575,-111.852589,,
Elberta,02-10-2017,Phosphorus,Total,0.09,mg/l,,106,39.948306,-111.956647,,
Elberta,02-22-2017,Phosphorus,Total,0.12,mg/l,,106,39.948306,-111.956647,,
Elberta,02-27-2017,Phosphorus,Total,0.15,mg/l,,106,39.948306,-111.956647,,
Elberta,03-23-2017,Phosphorus,Total,0.48,mg/l,,106,39.948306,-111.956647,,
Elberta,03-27-2017,Phosphorus,Total,0.06,mg/l,,106,39.948306,-111.956647,,
Elberta,03-30-2017,Phosphorus,Total,0.26,mg/l,,106,39.948306,-111.956647,,
Elberta,04-19-2017,Phosphorus,Total,0.32,mg/l,,106,39.948306,-111.956647,,
Elberta,04-21-2017,Phosphorus,Total,0.07,mg/l,,106,39.948306,-111.956647,,
Elberta,05-06-2017,Phosphorus,Total,0.64,mg/l,,106,39.948306,-111.956647,,
Elberta,05-17-2017,Phosphorus,Total,0.52,mg/l,,106,39.948306,-111.956647,,
Elberta,05-21-2017,Phosphorus,Total,0.18,mg/l,,106,39.948306,-111.956647,,
Elberta,06-13-2017,Phosphorus,Total,1.2,mg/l,,106,39.948306,-111.956647,,
Elberta,07-17-2017,Phosphorus,Total,0.79,mg/l,,106,39.948306,-111.956647,,
Elberta,07-25-2017,Phosphorus,Total,0.56,mg/l,,106,39.948306,-111.956647,,
Elberta,08-10-2017,Phosphorus,Total,0.66,mg/l,,106,39.948306,-111.956647,,
Elberta,09-15-2017,Phosphorus,Total,0.12,mg/l,,106,39.948306,-111.956647,,
Elberta,09-24-2017,Phosphorus,Total,0.11,mg/l,,106,39.948306,-111.956647,,
Elberta,11-05-2017,Phosphorus,Total,0.99,mg/l,,106,39.948306,-111.956647,,
Elberta,11-17-2017,Phosphorus,Total,1.8,mg/l,,106,39.948306,-111.956647,,
Elberta,01-09-2018,Phosphorus,Total,0.14,mg/l,,106,39.948306,-111.956647,,
Elberta,02-15-2018,Phosphorus,Total,0.27,mg/l,,106,39.948306,-111.956647,,
Elberta,03-16-2018,Phosphorus,Total,1.3,mg/l,,106,39.948306,-111.956647,,
Elberta,03-23-2018,Phosphorus,Total,0.05,mg/l,,106,39.948306,-111.956647,,
Elberta,04-07-2018,Phosphorus,Total,0.14,mg/l,,106,39.948306,-111.956647,,
Elberta,05-03-2018,Phosphorus,Total,0.8,mg/l,,106,39.948306,-111.956647,,
Elberta,05-11-2018,Phosphorus,Total,0.38,mg/l,,106,39.948306,-111.956647,,
Elberta,08-22-2018,Phosphorus,Total,0.08,mg/l,,106,39.948306,-111.956647,,
Elberta,10-03-2018,Phosphorus,Total,0.95,mg/l,,106,39.948306,-111.956647,,
Elberta,10-10-2018,Phosphorus,Total,0.06,mg/l,,106,39.948306,-111.956647,,
Elberta,11-30-2018,Phosphorus,Total,0.17,mg/l,,106,39.948306,-111.956647,,
Elberta,01-18-2019,Phosphorus,Total,0.66,mg/l,,106,39.948306,-111.956647,,
Elberta,03-06-2019,Phosphorus,Total,0.13,mg/l,,106,39.948306,-111.956647,,
Elberta,03-29-2019,Phosphorus,Total,0.23,mg/l,,106,39.948306,-111.956647,,
Elberta,04-10-2019,Phosphorus,Total,0.3,mg/l,,106,39.948306,-111.956647,,
Elberta,04-21-2019,Phosphorus,Total,0.09,mg/l,,106,39.948306,-111.956647,,
Elberta,05-07-2019,Phosphorus,Total,0.26,mg/l,,106,39.948306,-111.956647,,
Elberta,05-21-2019,Phosphorus,Total,0.58,mg/l,,106,39.948306,-111.956647,,
Elberta,06-21-2019,Phosphorus,Total,0.63,mg/l,,106,39.948306,-111.956647,,
Elberta,08-01-2019,Phosphorus,Total,0.26,mg/l,,106,39.948306,-111.956647,,
Elberta,08-09-2019,Phosphorus,Total,0.12,mg/l,,106,39.948306,-111.956647,,
Elberta,09-11-2019,Phosphorus,Total,0.14,mg/l,,106,39.948306,-111.956647,,
Elberta,11-20-2019,Phosphorus,Total,0.25,mg/l,,106,39.948306,-111.956647,,
Elberta,03-13-2020,Phosphorus,Total,0.15,mg/l,,106,39.948306,-111.956647,,
Elberta,03-25-2020,Phosphorus,Total,0.84,mg/l,,106,39.948306,-111.956647,,
Elberta,01-18-2019,Ortho Phosphorus,Total,0,mg/l,No detected,106,39.948306,-111.956647,,
Elberta,03-06-2019,Ortho Phosphorus,Total,0.04,mg/l,,106,39.948306,-111.956647,,
Elberta,03-29-2019,Ortho Phosphorus,Total,0.18,mg/l,,106,39.948306,-111.956647,,
Elberta,04-10-2019,Ortho Phosphorus,Total,0.16,mg/l,,106,39.948306,-111.956647,,
Elberta,04-21-2019,Ortho Phosphorus,Total,0.01,mg/l,,106,39.948306,-111.956647,,
Elberta,05-07-2019,Ortho Phosphorus,Total,0.13,mg/l,,106,39.948306,-111.956647,,
Elberta,05-21-2019,Ortho Phosphorus,Total,0,mg/l,No detected,106,39.948306,-111.956647,,
Elberta,06-21-2019,Ortho Phosphorus,Total,0.28,mg/l,,106,39.948306,-111.956647,,
Elberta,08-01-2019,Ortho Phosphorus,Total,0,mg/l,No detected,106,39.948306,-111.956647,,
Elberta,08-09-2019,Ortho Phosphorus,Total,0.03,mg/l,,106,39.948306,-111.956647,,
Elberta,09-11-2019,Ortho Phosphorus,Total,0.08,mg/l,,106,39.948306,-111.956647,,
Elberta,11-20-2019,Ortho Phosphorus,Total,0.2,mg/l,,106,39.948306,-111.956647,,
Elberta,03-13-2020,Ortho Phosphorus,Total,0.06,mg/l,,106,39.948306,-111.956647,,
Elberta,03-25-2020,Ortho Phosphorus,Total,0.81,mg/l,,106,39.948306,-111.956647,,
Elberta,02-10-2017,Nitrogen,Total,0.5,mg/l,,106,39.948306,-111.956647,,
Elberta,02-22-2017,Nitrogen,Total,0.95,mg/l,,106,39.948306,-111.956647,,
Elberta,02-27-2017,Nitrogen,Total,6.26,mg/l,,106,39.948306,-111.956647,,
Elberta,03-23-2017,Nitrogen,Total,3.33,mg/l,,106,39.948306,-111.956647,,
Elberta,03-27-2017,Nitrogen,Total,1.12,mg/l,,106,39.948306,-111.956647,,
Elberta,03-30-2017,Nitrogen,Total,1.79,mg/l,,106,39.948306,-111.956647,,
Elberta,04-19-2017,Nitrogen,Total,1.21,mg/l,,106,39.948306,-111.956647,,
Elberta,04-21-2017,Nitrogen,Total,1.3,mg/l,,106,39.948306,-111.956647,,
Elberta,05-06-2017,Nitrogen,Total,2.1,mg/l,,106,39.948306,-111.956647,,
Elberta,05-17-2017,Nitrogen,Total,1.7,mg/l,,106,39.948306,-111.956647,,
Elberta,05-21-2017,Nitrogen,Total,1.8,mg/l,,106,39.948306,-111.956647,,
Elberta,06-13-2017,Nitrogen,Total,0,mg/l,No detected,106,39.948306,-111.956647,,
Elberta,07-17-2017,Nitrogen,Total,0,mg/l,No detected,106,39.948306,-111.956647,,
Elberta,07-25-2017,Nitrogen,Total,2.81,mg/l,,106,39.948306,-111.956647,,
Elberta,08-10-2017,Nitrogen,Total,0,mg/l,No detected,106,39.948306,-111.956647,,
Elberta,09-15-2017,Nitrogen,Total,0.94,mg/l,,106,39.948306,-111.956647,,
Elberta,09-24-2017,Nitrogen,Total,1.25,mg/l,,106,39.948306,-111.956647,,
Elberta,11-05-2017,Nitrogen,Total,0.43,mg/l,,106,39.948306,-111.956647,,
Elberta,11-17-2017,Nitrogen,Total,6.9,mg/l,,106,39.948306,-111.956647,,
Elberta,01-09-2018,Nitrogen,Total,1.8,mg/l,,106,39.948306,-111.956647,,
Elberta,02-15-2018,Nitrogen,Total,2,mg/l,,106,39.948306,-111.956647,,
Elberta,03-16-2018,Nitrogen,Total,8.5,mg/l,,106,39.948306,-111.956647,,
Elberta,03-23-2018,Nitrogen,Total,1.2,mg/l,,106,39.948306,-111.956647,,
Elberta,04-07-2018,Nitrogen,Total,1.2,mg/l,,106,39.948306,-111.956647,,
Elberta,05-03-2018,Nitrogen,Total,2.7,mg/l,,106,39.948306,-111.956647,,
Elberta,05-11-2018,Nitrogen,Total,1.4,mg/l,,106,39.948306,-111.956647,,
Elberta,08-22-2018,Nitrogen,Total,1.3,mg/l,,106,39.948306,-111.956647,,
Elberta,10-03-2018,Nitrogen,Total,2.2,mg/l,,106,39.948306,-111.956647,,
Elberta,10-10-2018,Nitrogen,Total,0.7,mg/l,,106,39.948306,-111.956647,,
Elberta,11-30-2018,Nitrogen,Total,0.6,mg/l,,106,39.948306,-111.956647,,
Elberta,01-18-2019,Nitrogen,Total,0,mg/l,No detected,106,39.948306,-111.956647,,
Elberta,03-06-2019,Nitrogen,Total,1.5,mg/l,,106,39.948306,-111.956647,,
Elberta,03-29-2019,Nitrogen,Total,1.1,mg/l,,106,39.948306,-111.956647,,
Elberta,04-10-2019,Nitrogen,Total,1.7,mg/l,,106,39.948306,-111.956647,,
Elberta,05-07-2019,Nitrogen,Total,0.5,mg/l,,106,39.948306,-111.956647,,
Elberta,05-21-2019,Nitrogen,Total,0,mg/l,No detected,106,39.948306,-111.956647,,
Elberta,06-21-2019,Nitrogen,Total,3,mg/l,,106,39.948306,-111.956647,,
Elberta,08-01-2019,Nitrogen,Total,0.3,mg/l,,106,39.948306,-111.956647,,
Elberta,08-09-2019,Nitrogen,Total,4.1,mg/l,,106,39.948306,-111.956647,,
Elberta,09-11-2019,Nitrogen,Total,0.3,mg/l,,106,39.948306,-111.956647,,
Elberta,11-20-2019,Nitrogen,Total,0.9,mg/l,,106,39.948306,-111.956647,,
Elberta,03-13-2020,Nitrogen,Total,1.8,mg/l,,106,39.948306,-111.956647,,
Elberta,03-25-2020,Nitrogen,Total,2,mg/l,,106,39.948306,-111.956647,,
Mosida,02-10-2017,Phosphorus,Total,0.1,mg/l,,105,40.077367,-111.926769,,
Mosida,02-22-2017,Phosphorus,Total,0.07,mg/l,,105,40.077367,-111.926769,,
Mosida,02-27-2017,Phosphorus,Total,0.09,mg/l,,105,40.077367,-111.926769,,
Mosida,03-05-2017,Phosphorus,Total,0.13,mg/l,,105,40.077367,-111.926769,,
Mosida,03-23-2017,Phosphorus,Total,0.21,mg/l,,105,40.077367,-111.926769,,
Mosida,03-27-2017,Phosphorus,Total,0.15,mg/l,,105,40.077367,-111.926769,,
Mosida,03-30-2017,Phosphorus,Total,0.16,mg/l,,105,40.077367,-111.926769,,
Mosida,04-08-2017,Phosphorus,Total,1.66,mg/l,,105,40.077367,-111.926769,,
Mosida,04-19-2017,Phosphorus,Total,0.2,mg/l,,105,40.077367,-111.926769,,
Mosida,04-21-2017,Phosphorus,Total,0.1,mg/l,,105,40.077367,-111.926769,,
Mosida,04-25-2017,Phosphorus,Total,0.9,mg/l,,105,40.077367,-111.926769,,
Mosida,05-06-2017,Phosphorus,Total,4,mg/l,,105,40.077367,-111.926769,,
Mosida,05-17-2017,Phosphorus,Total,0.42,mg/l,,105,40.077367,-111.926769,,
Mosida,05-21-2017,Phosphorus,Total,2.6,mg/l,,105,40.077367,-111.926769,,
Mosida,07-25-2017,Phosphorus,Total,4.6,mg/l,,105,40.077367,-111.926769,,
Mosida,09-15-2017,Phosphorus,Total,0.55,mg/l,,105,40.077367,-111.926769,,
Mosida,09-24-2017,Phosphorus,Total,0.75,mg/l,,105,40.077367,-111.926769,,
Mosida,11-17-2017,Phosphorus,Total,0.86,mg/l,,105,40.077367,-111.926769,,
Mosida,01-09-2018,Phosphorus,Total,1.5,mg/l,,105,40.077367,-111.926769,,
Mosida,03-16-2018,Phosphorus,Total,0.16,mg/l,,105,40.077367,-111.926769,,
Mosida,04-07-2018,Phosphorus,Total,0.21,mg/l,,105,40.077367,-111.926769,,
Mosida,04-30-2018,Phosphorus,Total,0.45,mg/l,,105,40.077367,-111.926769,,
Mosida,05-03-2018,Phosphorus,Total,0.1,mg/l,,105,40.077367,-111.926769,,
Mosida,05-11-2018,Phosphorus,Total,0.04,mg/l,,105,40.077367,-111.926769,,
Mosida,08-22-2018,Phosphorus,Total,4.9,mg/l,,105,40.077367,-111.926769,,
Mosida,10-10-2018,Phosphorus,Total,0.58,mg/l,,105,40.077367,-111.926769,,
Mosida,03-07-2019,Phosphorus,Total,0.38,mg/l,,105,40.077367,-111.926769,,
Mosida,03-29-2019,Phosphorus,Total,0.04,mg/l,,105,40.077367,-111.926769,,
Mosida,04-10-2019,Phosphorus,Total,1.8,mg/l,,105,40.077367,-111.926769,,
Mosida,05-07-2019,Phosphorus,Total,0.77,mg/l,,105,40.077367,-111.926769,,
Mosida,05-21-2019,Phosphorus,Total,0.05,mg/l,,105,40.077367,-111.926769,,
Mosida,06-21-2019,Phosphorus,Total,3.1,mg/l,,105,40.077367,-111.926769,,
Mosida,08-01-2019,Phosphorus,Total,2,mg/l,,105,40.077367,-111.926769,,
Mosida,08-09-2019,Phosphorus,Total,2.5,mg/l,,105,40.077367,-111.926769,,
Mosida,09-11-2019,Phosphorus,Total,1.3,mg/l,,105,40.077367,-111.926769,,
Mosida,01-23-2020,Phosphorus,Total,0.13,mg/l,,105,40.077367,-111.926769,,
Mosida,02-08-2020,Phosphorus,Total,0.05,mg/l,,105,40.077367,-111.926769,,
Mosida,03-25-2020,Phosphorus,Total,0.4,mg/l,,105,40.077367,-111.926769,,
Mosida,03-07-2019,Ortho Phosphorus,Total,0.32,mg/l,,105,40.077367,-111.926769,,
Mosida,03-29-2019,Ortho Phosphorus,Total,0.03,mg/l,,105,40.077367,-111.926769,,
Mosida,04-10-2019,Ortho Phosphorus,Total,0,mg/l,No detected,105,40.077367,-111.926769,,
Mosida,05-07-2019,Ortho Phosphorus,Total,0.52,mg/l,,105,40.077367,-111.926769,,
Mosida,05-21-2019,Ortho Phosphorus,Total,0.02,mg/l,,105,40.077367,-111.926769,,
Mosida,06-21-2019,Ortho Phosphorus,Total,1.9,mg/l,,105,40.077367,-111.926769,,
Mosida,08-01-2019,Ortho Phosphorus,Total,1.5,mg/l,,105,40.077367,-111.926769,,
Mosida,08-09-2019,Ortho Phosphorus,Total,2.2,mg/l,,105,40.077367,-111.926769,,
Mosida,09-11-2019,Ortho Phosphorus,Total,1.1,mg/l,,105,40.077367,-111.926769,,
Mosida,01-23-2020,Ortho Phosphorus,Total,0.02,mg/l,,105,40.077367,-111.926769,,
Mosida,02-08-2020,Ortho Phosphorus,Total,0,mg/l,No detected,105,40.077367,-111.926769,,
Mosida,03-25-2020,Ortho Phosphorus,Total,0.2,mg/l,,105,40.077367,-111.926769,,
Mosida,02-10-2017,Nitrogen,Total,1.38,mg/l,,105,40.077367,-111.926769,,
Mosida,02-22-2017,Nitrogen,Total,1.24,mg/l,,105,40.077367,-111.926769,,
Mosida,02-27-2017,Nitrogen,Total,2.28,mg/l,,105,40.077367,-111.926769,,
Mosida,03-05-2017,Nitrogen,Total,2.63,mg/l,,105,40.077367,-111.926769,,
Mosida,03-23-2017,Nitrogen,Total,1.61,mg/l,,105,40.077367,-111.926769,,
Mosida,03-27-2017,Nitrogen,Total,2.23,mg/l,,105,40.077367,-111.926769,,
Mosida,03-30-2017,Nitrogen,Total,2.14,mg/l,,105,40.077367,-111.926769,,
Mosida,04-08-2017,Nitrogen,Total,7.24,mg/l,,105,40.077367,-111.926769,,
Mosida,04-19-2017,Nitrogen,Total,1.75,mg/l,,105,40.077367,-111.926769,,
Mosida,04-21-2017,Nitrogen,Total,1.81,mg/l,,105,40.077367,-111.926769,,
Mosida,04-25-2017,Nitrogen,Total,1.5,mg/l,,105,40.077367,-111.926769,,
Mosida,05-06-2017,Nitrogen,Total,4.8,mg/l,,105,40.077367,-111.926769,,
Mosida,05-17-2017,Nitrogen,Total,1.9,mg/l,,105,40.077367,-111.926769,,
Mosida,05-21-2017,Nitrogen,Total,2.7,mg/l,,105,40.077367,-111.926769,,
Mosida,07-25-2017,Nitrogen,Total,0,mg/l,No detected,105,40.077367,-111.926769,,
Mosida,09-15-2017,Nitrogen,Total,1.2,mg/l,,105,40.077367,-111.926769,,
Mosida,09-24-2017,Nitrogen,Total,2.6,mg/l,,105,40.077367,-111.926769,,
Mosida,11-17-2017,Nitrogen,Total,3.8,mg/l,,105,40.077367,-111.926769,,
Mosida,01-09-2018,Nitrogen,Total,7.2,mg/l,,105,40.077367,-111.926769,,
Mosida,03-16-2018,Nitrogen,Total,1.7,mg/l,,105,40.077367,-111.926769,,
Mosida,04-07-2018,Nitrogen,Total,1,mg/l,,105,40.077367,-111.926769,,
Mosida,04-30-2018,Nitrogen,Total,1.4,mg/l,,105,40.077367,-111.926769,,
Mosida,05-03-2018,Nitrogen,Total,1.9,mg/l,,105,40.077367,-111.926769,,
Mosida,05-11-2018,Nitrogen,Total,0.9,mg/l,,105,40.077367,-111.926769,,
Mosida,08-22-2018,Nitrogen,Total,49.3,mg/l,,105,40.077367,-111.926769,,
Mosida,10-03-2018,Nitrogen,Total,35.7,mg/l,,105,40.077367,-111.926769,,
Mosida,10-10-2018,Nitrogen,Total,5,mg/l,,105,40.077367,-111.926769,,
Mosida,03-07-2019,Nitrogen,Total,0,mg/l,No detected,105,40.077367,-111.926769,,
Mosida,03-29-2019,Nitrogen,Total,0.8,mg/l,,105,40.077367,-111.926769,,
Mosida,04-10-2019,Nitrogen,Total,2.8,mg/l,,105,40.077367,-111.926769,,
Mosida,05-07-2019,Nitrogen,Total,2.9,mg/l,,105,40.077367,-111.926769,,
Mosida,05-21-2019,Nitrogen,Total,0.7,mg/l,,105,40.077367,-111.926769,,
Mosida,06-21-2019,Nitrogen,Total,10.3,mg/l,,105,40.077367,-111.926769,,
Mosida,08-01-2019,Nitrogen,Total,6.4,mg/l,,105,40.077367,-111.926769,,
Mosida,08-09-2019,Nitrogen,Total,10.1,mg/l,,105,40.077367,-111.926769,,
Mosida,09-11-2019,Nitrogen,Total,3.7,mg/l,,105,40.077367,-111.926769,,
Mosida,01-23-2020,Nitrogen,Total,1.3,mg/l,,105,40.077367,-111.926769,,
Mosida,02-08-2020,Nitrogen,Total,0.8,mg/l,,105,40.077367,-111.926769,,
Mosida,03-25-2020,Nitrogen,Total,0.2,mg/l,,105,40.077367,-111.926769,,
Lehi,01-21-2017,Phosphorus,Total,0.02,mg/l,,103,40.360169,-111.897064,,
Lehi,02-10-2017,Phosphorus,Total,0.07,mg/l,,103,40.360169,-111.897064,,
Lehi,02-11-2017,Phosphorus,Total,0.02,mg/l,,103,40.360169,-111.897064,,
Lehi,02-21-2017,Phosphorus,Total,0.05,mg/l,,103,40.360169,-111.897064,,
Lehi,02-23-2017,Phosphorus,Total,0.02,mg/l,,103,40.360169,-111.897064,,
Lehi,03-23-2017,Phosphorus,Total,0.05,mg/l,,103,40.360169,-111.897064,,
Lehi,03-27-2017,Phosphorus,Total,0.01,mg/l,,103,40.360169,-111.897064,,
Lehi,03-30-2017,Phosphorus,Total,0.01,mg/l,,103,40.360169,-111.897064,,
Lehi,04-08-2017,Phosphorus,Total,0.18,mg/l,,103,40.360169,-111.897064,,
Lehi,04-19-2017,Phosphorus,Total,0.46,mg/l,,103,40.360169,-111.897064,,
Lehi,04-21-2017,Phosphorus,Total,0.06,mg/l,,103,40.360169,-111.897064,,
Lehi,04-25-2017,Phosphorus,Total,0.1,mg/l,,103,40.360169,-111.897064,,
Lehi,05-17-2017,Phosphorus,Total,0.06,mg/l,,103,40.360169,-111.897064,,
Lehi,05-21-2017,Phosphorus,Total,0.76,mg/l,,103,40.360169,-111.897064,,
Lehi,06-20-2017,Phosphorus,Total,11,mg/l,,103,40.360169,-111.897064,,
Lehi,07-23-2017,Phosphorus,Total,6.7,mg/l,,103,40.360169,-111.897064,,
Lehi,07-25-2017,Phosphorus,Total,0.71,mg/l,,103,40.360169,-111.897064,,
Lehi,08-10-2017,Phosphorus,Total,1.5,mg/l,,103,40.360169,-111.897064,,
Lehi,09-15-2017,Phosphorus,Total,1.3,mg/l,,103,40.360169,-111.897064,,
Lehi,09-22-2017,Phosphorus,Total,0.47,mg/l,,103,40.360169,-111.897064,,
Lehi,09-24-2017,Phosphorus,Total,0.4,mg/l,,103,40.360169,-111.897064,,
Lehi,11-17-2017,Phosphorus,Total,2.3,mg/l,,103,40.360169,-111.897064,,
Lehi,01-09-2018,Phosphorus,Total,0.43,mg/l,,103,40.360169,-111.897064,,
Lehi,03-16-2018,Phosphorus,Total,0.07,mg/l,,103,40.360169,-111.897064,,
Lehi,03-20-2018,Phosphorus,Total,0.34,mg/l,,103,40.360169,-111.897064,,
Lehi,03-23-2018,Phosphorus,Total,1.6,mg/l,,103,40.360169,-111.897064,,
Lehi,04-07-2018,Phosphorus,Total,0.1,mg/l,,103,40.360169,-111.897064,,
Lehi,04-20-2018,Phosphorus,Total,0.14,mg/l,,103,40.360169,-111.897064,,
Lehi,04-30-2018,Phosphorus,Total,1.3,mg/l,,103,40.360169,-111.897064,,
Lehi,05-03-2018,Phosphorus,Total,0.07,mg/l,,103,40.360169,-111.897064,,
Lehi,05-11-2018,Phosphorus,Total,0.16,mg/l,,103,40.360169,-111.897064,,
Lehi,08-21-2018,Phosphorus,Total,2.1,mg/l,,103,40.360169,-111.897064,,
Lehi,08-22-2018,Phosphorus,Total,0.42,mg/l,,103,40.360169,-111.897064,,
Lehi,10-03-2018,Phosphorus,Total,1.1,mg/l,,103,40.360169,-111.897064,,
Lehi,10-10-2018,Phosphorus,Total,0.04,mg/l,,103,40.360169,-111.897064,,
Lehi,11-30-2018,Phosphorus,Total,0.02,mg/l,,103,40.360169,-111.897064,,
Lehi,01-18-2019,Phosphorus,Total,0.03,mg/l,,103,40.360169,-111.897064,,
Lehi,03-08-2019,Phosphorus,Total,0.29,mg/l,,103,40.360169,-111.897064,,
Lehi,03-13-2019,Phosphorus,Total,0.13,mg/l,,103,40.360169,-111.897064,,
Lehi,03-29-2019,Phosphorus,Total,0,mg/l,No detected,103,40.360169,-111.897064,,
Lehi,04-10-2019,Phosphorus,Total,0.03,mg/l,,103,40.360169,-111.897064,,
Lehi,04-21-2019,Phosphorus,Total,0.03,mg/l,,103,40.360169,-111.897064,,
Lehi,05-07-2019,Phosphorus,Total,0.09,mg/l,,103,40.360169,-111.897064,,
Lehi,05-21-2019,Phosphorus,Total,0.24,mg/l,,103,40.360169,-111.897064,,
Lehi,08-09-2019,Phosphorus,Total,0.1,mg/l,,103,40.360169,-111.897064,,
Lehi,09-11-2019,Phosphorus,Total,0.76,mg/l,,103,40.360169,-111.897064,,
Lehi,11-20-2019,Phosphorus,Total,0.9,mg/l,,103,40.360169,-111.897064,,
Lehi,01-23-2020,Phosphorus,Total,0.11,mg/l,,103,40.360169,-111.897064,,
Lehi,02-08-2020,Phosphorus,Total,0.08,mg/l,,103,40.360169,-111.897064,,
Lehi,03-13-2020,Phosphorus,Total,0.7,mg/l,,103,40.360169,-111.897064,,
Lehi,03-25-2020,Phosphorus,Total,0.06,mg/l,,103,40.360169,-111.897064,,
Lehi,01-18-2019,Ortho Phosphorus,Total,0,mg/l,No detected,103,40.360169,-111.897064,,
Lehi,03-08-2019,Ortho Phosphorus,Total,0.11,mg/l,,103,40.360169,-111.897064,,
Lehi,03-13-2019,Ortho Phosphorus,Total,0.01,mg/l,,103,40.360169,-111.897064,,
Lehi,04-10-2019,Ortho Phosphorus,Total,0.02,mg/l,,103,40.360169,-111.897064,,
Lehi,04-21-2019,Ortho Phosphorus,Total,0.01,mg/l,,103,40.360169,-111.897064,,
Lehi,05-07-2019,Ortho Phosphorus,Total,0.02,mg/l,,103,40.360169,-111.897064,,
Lehi,05-21-2019,Ortho Phosphorus,Total,0.05,mg/l,,103,40.360169,-111.897064,,
Lehi,08-09-2019,Ortho Phosphorus,Total,0.04,mg/l,,103,40.360169,-111.897064,,
Lehi,09-11-2019,Ortho Phosphorus,Total,0.52,mg/l,,103,40.360169,-111.897064,,
Lehi,11-20-2019,Ortho Phosphorus,Total,0.22,mg/l,,103,40.360169,-111.897064,,
Lehi,01-23-2020,Ortho Phosphorus,Total,0.02,mg/l,,103,40.360169,-111.897064,,
Lehi,03-13-2020,Ortho Phosphorus,Total,0.44,mg/l,,103,40.360169,-111.897064,,
Lehi,03-25-2020,Ortho Phosphorus,Total,0.07,mg/l,,103,40.360169,-111.897064,,
Lehi,01-21-2017,Nitrogen,Total,0.33,mg/l,,103,40.360169,-111.897064,,
Lehi,02-10-2017,Nitrogen,Total,2.94,mg/l,,103,40.360169,-111.897064,,
Lehi,02-11-2017,Nitrogen,Total,1.07,mg/l,,103,40.360169,-111.897064,,
Lehi,02-21-2017,Nitrogen,Total,2.94,mg/l,,103,40.360169,-111.897064,,
Lehi,02-23-2017,Nitrogen,Total,2.33,mg/l,,103,40.360169,-111.897064,,
Lehi,03-23-2017,Nitrogen,Total,2.31,mg/l,,103,40.360169,-111.897064,,
Lehi,03-27-2017,Nitrogen,Total,1.4,mg/l,,103,40.360169,-111.897064,,
Lehi,03-30-2017,Nitrogen,Total,5.33,mg/l,,103,40.360169,-111.897064,,
Lehi,04-08-2017,Nitrogen,Total,8.05,mg/l,,103,40.360169,-111.897064,,
Lehi,04-19-2017,Nitrogen,Total,3.91,mg/l,,103,40.360169,-111.897064,,
Lehi,04-21-2017,Nitrogen,Total,2.13,mg/l,,103,40.360169,-111.897064,,
Lehi,04-25-2017,Nitrogen,Total,4.3,mg/l,,103,40.360169,-111.897064,,
Lehi,05-17-2017,Nitrogen,Total,3.2,mg/l,,103,40.360169,-111.897064,,
Lehi,05-21-2017,Nitrogen,Total,2.1,mg/l,,103,40.360169,-111.897064,,
Lehi,06-20-2017,Nitrogen,Total,0,mg/l,No detected,103,40.360169,-111.897064,,
Lehi,07-23-2017,Nitrogen,Total,0,mg/l,No detected,103,40.360169,-111.897064,,
Lehi,07-25-2017,Nitrogen,Total,3.47,mg/l,,103,40.360169,-111.897064,,
Lehi,08-10-2017,Nitrogen,Total,7.11,mg/l,,103,40.360169,-111.897064,,
Lehi,09-15-2017,Nitrogen,Total,2.33,mg/l,,103,40.360169,-111.897064,,
Lehi,09-22-2017,Nitrogen,Total,1.21,mg/l,,103,40.360169,-111.897064,,
Lehi,09-24-2017,Nitrogen,Total,2.7,mg/l,,103,40.360169,-111.897064,,
Lehi,11-17-2017,Nitrogen,Total,1.5,mg/l,,103,40.360169,-111.897064,,
Lehi,01-09-2018,Nitrogen,Total,2,mg/l,,103,40.360169,-111.897064,,
Lehi,03-16-2018,Nitrogen,Total,1.2,mg/l,,103,40.360169,-111.897064,,
Lehi,03-20-2018,Nitrogen,Total,1,mg/l,,103,40.360169,-111.897064,,
Lehi,03-23-2018,Nitrogen,Total,0.6,mg/l,,103,40.360169,-111.897064,,
Lehi,04-07-2018,Nitrogen,Total,3,mg/l,,103,40.360169,-111.897064,,
Lehi,04-20-2018,Nitrogen,Total,0.9,mg/l,,103,40.360169,-111.897064,,
Lehi,04-30-2018,Nitrogen,Total,5,mg/l,,103,40.360169,-111.897064,,
Lehi,05-03-2018,Nitrogen,Total,2.5,mg/l,,103,40.360169,-111.897064,,
Lehi,05-11-2018,Nitrogen,Total,3.7,mg/l,,103,40.360169,-111.897064,,
Lehi,08-21-2018,Nitrogen,Total,5.7,mg/l,,103,40.360169,-111.897064,,
Lehi,08-22-2018,Nitrogen,Total,2.4,mg/l,,103,40.360169,-111.897064,,
Lehi,10-03-2018,Nitrogen,Total,0.4,mg/l,,103,40.360169,-111.897064,,
Lehi,10-10-2018,Nitrogen,Total,1.2,mg/l,,103,40.360169,-111.897064,,
Lehi,11-30-2018,Nitrogen,Total,1.6,mg/l,,103,40.360169,-111.897064,,
Lehi,01-18-2019,Nitrogen,Total,0.8,mg/l,,103,40.360169,-111.897064,,
Lehi,03-08-2019,Nitrogen,Total,1,mg/l,,103,40.360169,-111.897064,,
Lehi,03-13-2019,Nitrogen,Total,1.9,mg/l,,103,40.360169,-111.897064,,
Lehi,03-29-2019,Nitrogen,Total,1.8,mg/l,,103,40.360169,-111.897064,,
Lehi,04-10-2019,Nitrogen,Total,2.5,mg/l,,103,40.360169,-111.897064,,
Lehi,04-21-2019,Nitrogen,Total,2.6,mg/l,,103,40.360169,-111.897064,,
Lehi,05-07-2019,Nitrogen,Total,0.9,mg/l,,103,40.360169,-111.897064,,
Lehi,05-21-2019,Nitrogen,Total,1.2,mg/l,,103,40.360169,-111.897064,,
Lehi,08-09-2019,Nitrogen,Total,0.4,mg/l,,103,40.360169,-111.897064,,
Lehi,09-11-2019,Nitrogen,Total,0,mg/l,No detected,103,40.360169,-111.897064,,
Lehi,11-20-2019,Nitrogen,Total,2.7,mg/l,,103,40.360169,-111.897064,,
Lehi,01-23-2020,Nitrogen,Total,1.7,mg/l,,103,40.360169,-111.897064,,
Lehi,02-08-2020,Nitrogen,Total,1.4,mg/l,,103,40.360169,-111.897064,,
Lehi,03-13-2020,Nitrogen,Total,0,mg/l,No detected,103,40.360169,-111.897064,,
Lehi,03-25-2020,Nitrogen,Total,1.7,mg/l,,103,40.360169,-111.897064,,
Orem,03-23-2017,Phosphorus,Total,0.07,mg/l,,102,40.276142,-111.737219,,
Orem,03-27-2017,Phosphorus,Total,0.02,mg/l,,102,40.276142,-111.737219,,
Orem,03-30-2017,Phosphorus,Total,0.16,mg/l,,102,40.276142,-111.737219,,
Orem,04-08-2017,Phosphorus,Total,0.24,mg/l,,102,40.276142,-111.737219,,
Orem,04-19-2017,Phosphorus,Total,0.14,mg/l,,102,40.276142,-111.737219,,
Orem,04-21-2017,Phosphorus,Total,0.18,mg/l,,102,40.276142,-111.737219,,
Orem,04-25-2017,Phosphorus,Total,0.15,mg/l,,102,40.276142,-111.737219,,
Orem,05-06-2017,Phosphorus,Total,0.37,mg/l,,102,40.276142,-111.737219,,
Orem,05-17-2017,Phosphorus,Total,0.5,mg/l,,102,40.276142,-111.737219,,
Orem,05-21-2017,Phosphorus,Total,0.46,mg/l,,102,40.276142,-111.737219,,
Orem,06-20-2017,Phosphorus,Total,1.1,mg/l,,102,40.276142,-111.737219,,
Orem,07-20-2017,Phosphorus,Total,17,mg/l,,102,40.276142,-111.737219,,
Orem,07-25-2017,Phosphorus,Total,2,mg/l,,102,40.276142,-111.737219,,
Orem,08-10-2017,Phosphorus,Total,0.46,mg/l,,102,40.276142,-111.737219,,
Orem,09-15-2017,Phosphorus,Total,0.16,mg/l,,102,40.276142,-111.737219,,
Orem,09-24-2017,Phosphorus,Total,1.3,mg/l,,102,40.276142,-111.737219,,
Orem,11-05-2017,Phosphorus,Total,1.1,mg/l,,102,40.276142,-111.737219,,
Orem,11-17-2017,Phosphorus,Total,0.29,mg/l,,102,40.276142,-111.737219,,
Orem,01-09-2018,Phosphorus,Total,0.16,mg/l,,102,40.276142,-111.737219,,
Orem,02-15-2018,Phosphorus,Total,0.14,mg/l,,102,40.276142,-111.737219,,
Orem,03-16-2018,Phosphorus,Total,0,mg/l,No detected,102,40.276142,-111.737219,,
Orem,04-07-2018,Phosphorus,Total,0.3,mg/l,,102,40.276142,-111.737219,,
Orem,04-20-2018,Phosphorus,Total,0.23,mg/l,,102,40.276142,-111.737219,,
Orem,04-30-2018,Phosphorus,Total,0.12,mg/l,,102,40.276142,-111.737219,,
Orem,05-03-2018,Phosphorus,Total,0.04,mg/l,,102,40.276142,-111.737219,,
Orem,05-11-2018,Phosphorus,Total,0.07,mg/l,,102,40.276142,-111.737219,,
Orem,08-22-2018,Phosphorus,Total,0.18,mg/l,,102,40.276142,-111.737219,,
Orem,10-03-2018,Phosphorus,Total,0.52,mg/l,,102,40.276142,-111.737219,,
Orem,10-10-2018,Phosphorus,Total,0.06,mg/l,,102,40.276142,-111.737219,,
Orem,11-30-2018,Phosphorus,Total,0.16,mg/l,,102,40.276142,-111.737219,,
Orem,01-18-2019,Phosphorus,Total,0.44,mg/l,,102,40.276142,-111.737219,,
Orem,03-06-2019,Phosphorus,Total,0.15,mg/l,,102,40.276142,-111.737219,,
Orem,03-29-2019,Phosphorus,Total,1.2,mg/l,,102,40.276142,-111.737219,,
Orem,04-21-2019,Phosphorus,Total,0.18,mg/l,,102,40.276142,-111.737219,,
Orem,05-07-2019,Phosphorus,Total,0.06,mg/l,,102,40.276142,-111.737219,,
Orem,05-21-2019,Phosphorus,Total,0.08,mg/l,,102,40.276142,-111.737219,,
Orem,06-21-2019,Phosphorus,Total,0.61,mg/l,,102,40.276142,-111.737219,,
Orem,08-01-2019,Phosphorus,Total,1.8,mg/l,,102,40.276142,-111.737219,,
Orem,08-09-2019,Phosphorus,Total,8.9,mg/l,,102,40.276142,-111.737219,,
Orem,09-11-2019,Phosphorus,Total,0.27,mg/l,,102,40.276142,-111.737219,,
Orem,11-20-2019,Phosphorus,Total,0.18,mg/l,,102,40.276142,-111.737219,,
Orem,01-16-2020,Phosphorus,Total,0.05,mg/l,,102,40.276142,-111.737219,,
Orem,01-23-2020,Phosphorus,Total,0.05,mg/l,,102,40.276142,-111.737219,,
Orem,03-13-2020,Phosphorus,Total,0.12,mg/l,,102,40.276142,-111.737219,,
Orem,03-25-2020,Phosphorus,Total,0.04,mg/l,,102,40.276142,-111.737219,,
Orem,01-18-2019,Ortho Phosphorus,Total,0.06,mg/l,,102,40.276142,-111.737219,,
Orem,03-06-2019,Ortho Phosphorus,Total,0.02,mg/l,,102,40.276142,-111.737219,,
Orem,03-29-2019,Ortho Phosphorus,Total,0.36,mg/l,,102,40.276142,-111.737219,,
Orem,04-21-2019,Ortho Phosphorus,Total,0.01,mg/l,,102,40.276142,-111.737219,,
Orem,05-07-2019,Ortho Phosphorus,Total,0.05,mg/l,,102,40.276142,-111.737219,,
Orem,05-21-2019,Ortho Phosphorus,Total,0.05,mg/l,,102,40.276142,-111.737219,,
Orem,06-21-2019,Ortho Phosphorus,Total,0.03,mg/l,,102,40.276142,-111.737219,,
Orem,08-01-2019,Ortho Phosphorus,Total,1.1,mg/l,,102,40.276142,-111.737219,,
Orem,09-11-2019,Ortho Phosphorus,Total,0.22,mg/l,,102,40.276142,-111.737219,,
Orem,11-20-2019,Ortho Phosphorus,Total,0.06,mg/l,,102,40.276142,-111.737219,,
Orem,01-16-2020,Ortho Phosphorus,Total,0.01,mg/l,,102,40.276142,-111.737219,,
Orem,01-23-2020,Ortho Phosphorus,Total,0.03,mg/l,,102,40.276142,-111.737219,,
Orem,03-13-2020,Ortho Phosphorus,Total,0.05,mg/l,,102,40.276142,-111.737219,,
Orem,03-25-2020,Ortho Phosphorus,Total,0.06,mg/l,,102,40.276142,-111.737219,,
Orem,03-23-2017,Nitrogen,Total,1.38,mg/l,,102,40.276142,-111.737219,,
Orem,03-27-2017,Nitrogen,Total,1.13,mg/l,,102,40.276142,-111.737219,,
Orem,03-30-2017,Nitrogen,Total,3.1,mg/l,,102,40.276142,-111.737219,,
Orem,04-08-2017,Nitrogen,Total,2.9,mg/l,,102,40.276142,-111.737219,,
Orem,04-19-2017,Nitrogen,Total,1.91,mg/l,,102,40.276142,-111.737219,,
Orem,04-21-2017,Nitrogen,Total,2.67,mg/l,,102,40.276142,-111.737219,,
Orem,04-25-2017,Nitrogen,Total,4.4,mg/l,,102,40.276142,-111.737219,,
Orem,05-06-2017,Nitrogen,Total,3.3,mg/l,,102,40.276142,-111.737219,,
Orem,05-17-2017,Nitrogen,Total,1.6,mg/l,,102,40.276142,-111.737219,,
Orem,05-21-2017,Nitrogen,Total,1.4,mg/l,,102,40.276142,-111.737219,,
Orem,06-20-2017,Nitrogen,Total,4.25,mg/l,,102,40.276142,-111.737219,,
Orem,07-20-2017,Nitrogen,Total,1.53,mg/l,,102,40.276142,-111.737219,,
Orem,07-25-2017,Nitrogen,Total,11.4,mg/l,,102,40.276142,-111.737219,,
Orem,08-10-2017,Nitrogen,Total,0,mg/l,No detected,102,40.276142,-111.737219,,
Orem,09-15-2017,Nitrogen,Total,1.16,mg/l,,102,40.276142,-111.737219,,
Orem,09-24-2017,Nitrogen,Total,4.7,mg/l,,102,40.276142,-111.737219,,
Orem,11-05-2017,Nitrogen,Total,4.4,mg/l,,102,40.276142,-111.737219,,
Orem,11-17-2017,Nitrogen,Total,2.4,mg/l,,102,40.276142,-111.737219,,
Orem,01-09-2018,Nitrogen,Total,2.5,mg/l,,102,40.276142,-111.737219,,
Orem,02-15-2018,Nitrogen,Total,3,mg/l,,102,40.276142,-111.737219,,
Orem,03-16-2018,Nitrogen,Total,1,mg/l,,102,40.276142,-111.737219,,
Orem,04-07-2018,Nitrogen,Total,2.5,mg/l,,102,40.276142,-111.737219,,
Orem,04-20-2018,Nitrogen,Total,2.4,mg/l,,102,40.276142,-111.737219,,
Orem,04-30-2018,Nitrogen,Total,0.8,mg/l,,102,40.276142,-111.737219,,
Orem,05-03-2018,Nitrogen,Total,1.4,mg/l,,102,40.276142,-111.737219,,
Orem,05-11-2018,Nitrogen,Total,1.6,mg/l,,102,40.276142,-111.737219,,
Orem,08-22-2018,Nitrogen,Total,2.5,mg/l,,102,40.276142,-111.737219,,
Orem,10-03-2018,Nitrogen,Total,2.1,mg/l,,102,40.276142,-111.737219,,
Orem,10-10-2018,Nitrogen,Total,0.7,mg/l,,102,40.276142,-111.737219,,
Orem,11-30-2018,Nitrogen,Total,0.8,mg/l,,102,40.276142,-111.737219,,
Orem,01-18-2019,Nitrogen,Total,0,mg/l,No detected,102,40.276142,-111.737219,,
Orem,03-06-2019,Nitrogen,Total,0.6,mg/l,,102,40.276142,-111.737219,,
Orem,03-29-2019,Nitrogen,Total,1.5,mg/l,,102,40.276142,-111.737219,,
Orem,04-21-2019,Nitrogen,Total,0.5,mg/l,,102,40.276142,-111.737219,,
Orem,05-07-2019,Nitrogen,Total,1.3,mg/l,,102,40.276142,-111.737219,,
Orem,05-21-2019,Nitrogen,Total,1,mg/l,,102,40.276142,-111.737219,,
Orem,06-21-2019,Nitrogen,Total,0.9,mg/l,,102,40.276142,-111.737219,,
Orem,08-01-2019,Nitrogen,Total,4.1,mg/l,,102,40.276142,-111.737219,,
Orem,09-11-2019,Nitrogen,Total,2.1,mg/l,,102,40.276142,-111.737219,,
Orem,11-20-2019,Nitrogen,Total,1.6,mg/l,,102,40.276142,-111.737219,,
Orem,01-16-2020,Nitrogen,Total,1.1,mg/l,,102,40.276142,-111.737219,,
Orem,01-23-2020,Nitrogen,Total,2.7,mg/l,,102,40.276142,-111.737219,,
Orem,03-13-2020,Nitrogen,Total,1.2,mg/l,,102,40.276142,-111.737219,,
Orem,03-25-2020,Nitrogen,Total,0.4,mg/l,,102,40.276142,-111.737219,,
Spanish Fork,02-11-2017,Phosphorus,Total,0.01,mg/l,,109,40.080231,-111.604139,,
Spanish Fork,02-17-2017,Phosphorus,Total,0,mg/l,No detected,109,40.080231,-111.604139,,
Spanish Fork,02-22-2017,Phosphorus,Total,0,mg/l,No detected,109,40.080231,-111.604139,,
Spanish Fork,02-23-2017,Phosphorus,Total,0,mg/l,No detected,109,40.080231,-111.604139,,
Spanish Fork,02-24-2017,Phosphorus,Total,0.01,mg/l,,109,40.080231,-111.604139,,
Spanish Fork,02-27-2017,Phosphorus,Total,0.01,mg/l,,109,40.080231,-111.604139,,
Spanish Fork,03-05-2017,Phosphorus,Total,0.08,mg/l,,109,40.080231,-111.604139,,
Spanish Fork,03-23-2017,Phosphorus,Total,0.34,mg/l,,109,40.080231,-111.604139,,
Spanish Fork,03-27-2017,Phosphorus,Total,0.01,mg/l,,109,40.080231,-111.604139,,
Spanish Fork,03-30-2017,Phosphorus,Total,0.08,mg/l,,109,40.080231,-111.604139,,
Spanish Fork,04-08-2017,Phosphorus,Total,0.02,mg/l,,109,40.080231,-111.604139,,
Spanish Fork,04-19-2017,Phosphorus,Total,0.09,mg/l,,109,40.080231,-111.604139,,
Spanish Fork,04-25-2017,Phosphorus,Total,0.07,mg/l,,109,40.080231,-111.604139,,
Spanish Fork,05-17-2017,Phosphorus,Total,0.08,mg/l,,109,40.080231,-111.604139,,
Spanish Fork,05-21-2017,Phosphorus,Total,0,mg/l,No detected,109,40.080231,-111.604139,,
Spanish Fork,06-13-2017,Phosphorus,Total,2.7,mg/l,,109,40.080231,-111.604139,,
Spanish Fork,07-20-2017,Phosphorus,Total,0.22,mg/l,,109,40.080231,-111.604139,,
Spanish Fork,07-25-2017,Phosphorus,Total,0.24,mg/l,,109,40.080231,-111.604139,,
Spanish Fork,08-10-2017,Phosphorus,Total,0.11,mg/l,,109,40.080231,-111.604139,,
Spanish Fork,09-15-2017,Phosphorus,Total,0.05,mg/l,,109,40.080231,-111.604139,,
Spanish Fork,11-17-2017,Phosphorus,Total,0.02,mg/l,,109,40.080231,-111.604139,,
Spanish Fork,01-09-2018,Phosphorus,Total,0.24,mg/l,,109,40.080231,-111.604139,,
Spanish Fork,02-15-2018,Phosphorus,Total,0.06,mg/l,,109,40.080231,-111.604139,,
Spanish Fork,02-19-2018,Phosphorus,Total,0.01,mg/l,,109,40.080231,-111.604139,,
Spanish Fork,03-16-2018,Phosphorus,Total,0.02,mg/l,,109,40.080231,-111.604139,,
Spanish Fork,03-23-2018,Phosphorus,Total,0,mg/l,No detected,109,40.080231,-111.604139,,
Spanish Fork,04-07-2018,Phosphorus,Total,0.02,mg/l,,109,40.080231,-111.604139,,
Spanish Fork,04-20-2018,Phosphorus,Total,0.53,mg/l,,109,40.080231,-111.604139,,
Spanish Fork,04-30-2018,Phosphorus,Total,0.05,mg/l,,109,40.080231,-111.604139,,
Spanish Fork,05-03-2018,Phosphorus,Total,0.31,mg/l,,109,40.080231,-111.604139,,
Spanish Fork,08-21-2018,Phosphorus,Total,0.13,mg/l,,109,40.080231,-111.604139,,
Spanish Fork,08-22-2018,Phosphorus,Total,0.69,mg/l,,109,40.080231,-111.604139,,
Spanish Fork,10-03-2018,Phosphorus,Total,0.4,mg/l,,109,40.080231,-111.604139,,
Spanish Fork,10-10-2018,Phosphorus,Total,0.06,mg/l,,109,40.080231,-111.604139,,
Spanish Fork,11-30-2018,Phosphorus,Total,0.23,mg/l,,109,40.080231,-111.604139,,
Spanish Fork,01-18-2019,Phosphorus,Total,0.02,mg/l,,109,40.080231,-111.604139,,
Spanish Fork,03-02-2019,Phosphorus,Total,0.01,mg/l,,109,40.080231,-111.604139,,
Spanish Fork,03-29-2019,Phosphorus,Total,0.07,mg/l,,109,40.080231,-111.604139,,
Spanish Fork,04-10-2019,Phosphorus,Total,0.01,mg/l,,109,40.080231,-111.604139,,
Spanish Fork,04-21-2019,Phosphorus,Total,0,mg/l,No detected,109,40.080231,-111.604139,,
Spanish Fork,05-07-2019,Phosphorus,Total,0.46,mg/l,,109,40.080231,-111.604139,,
Spanish Fork,05-21-2019,Phosphorus,Total,0.01,mg/l,,109,40.080231,-111.604139,,
Spanish Fork,08-01-2019,Phosphorus,Total,0.08,mg/l,,109,40.080231,-111.604139,,
Spanish Fork,08-09-2019,Phosphorus,Total,0.22,mg/l,,109,40.080231,-111.604139,,
Spanish Fork,08-28-2019,Phosphorus,Total,2.3,mg/l,,109,40.080231,-111.604139,,
Spanish Fork,11-20-2019,Phosphorus,Total,0.06,mg/l,,109,40.080231,-111.604139,,
Spanish Fork,01-16-2020,Phosphorus,Total,0.02,mg/l,,109,40.080231,-111.604139,,
Spanish Fork,01-23-2020,Phosphorus,Total,0.01,mg/l,,109,40.080231,-111.604139,,
Spanish Fork,03-13-2020,Phosphorus,Total,0,mg/l,No detected,109,40.080231,-111.604139,,
Spanish Fork,03-25-2020,Phosphorus,Total,0.04,mg/l,,109,40.080231,-111.604139,,
Spanish Fork,01-18-2019,Ortho Phosphorus,Total,0,mg/l,No detected,109,40.080231,-111.604139,,
Spanish Fork,03-02-2019,Ortho Phosphorus,Total,0.02,mg/l,,109,40.080231,-111.604139,,
Spanish Fork,04-10-2019,Ortho Phosphorus,Total,0.01,mg/l,,109,40.080231,-111.604139,,
Spanish Fork,05-07-2019,Ortho Phosphorus,Total,0.34,mg/l,,109,40.080231,-111.604139,,
Spanish Fork,08-01-2019,Ortho Phosphorus,Total,0.04,mg/l,,109,40.080231,-111.604139,,
Spanish Fork,08-09-2019,Ortho Phosphorus,Total,0.1,mg/l,,109,40.080231,-111.604139,,
Spanish Fork,11-20-2019,Ortho Phosphorus,Total,0.01,mg/l,,109,40.080231,-111.604139,,
Spanish Fork,01-16-2020,Ortho Phosphorus,Total,0,mg/l,No detected,109,40.080231,-111.604139,,
Spanish Fork,01-23-2020,Ortho Phosphorus,Total,0,mg/l,No detected,109,40.080231,-111.604139,,
Spanish Fork,03-13-2020,Ortho Phosphorus,Total,0,mg/l,No detected,109,40.080231,-111.604139,,
Spanish Fork,03-25-2020,Ortho Phosphorus,Total,0,mg/l,No detected,109,40.080231,-111.604139,,
Spanish Fork,02-11-2017,Nitrogen,Total,2.04,mg/l,,109,40.080231,-111.604139,,
Spanish Fork,02-17-2017,Nitrogen,Total,1.8,mg/l,,109,40.080231,-111.604139,,
Spanish Fork,02-22-2017,Nitrogen,Total,1.23,mg/l,,109,40.080231,-111.604139,,
Spanish Fork,02-23-2017,Nitrogen,Total,1.17,mg/l,,109,40.080231,-111.604139,,
Spanish Fork,02-24-2017,Nitrogen,Total,1.36,mg/l,,109,40.080231,-111.604139,,
Spanish Fork,02-27-2017,Nitrogen,Total,0.7,mg/l,,109,40.080231,-111.604139,,
Spanish Fork,03-05-2017,Nitrogen,Total,1.18,mg/l,,109,40.080231,-111.604139,,
Spanish Fork,03-23-2017,Nitrogen,Total,1.36,mg/l,,109,40.080231,-111.604139,,
Spanish Fork,03-27-2017,Nitrogen,Total,1.3,mg/l,,109,40.080231,-111.604139,,
Spanish Fork,03-30-2017,Nitrogen,Total,2.28,mg/l,,109,40.080231,-111.604139,,
Spanish Fork,04-08-2017,Nitrogen,Total,1.35,mg/l,,109,40.080231,-111.604139,,
Spanish Fork,04-19-2017,Nitrogen,Total,1.14,mg/l,,109,40.080231,-111.604139,,
Spanish Fork,04-25-2017,Nitrogen,Total,0.7,mg/l,,109,40.080231,-111.604139,,
Spanish Fork,05-17-2017,Nitrogen,Total,2.7,mg/l,,109,40.080231,-111.604139,,
Spanish Fork,05-21-2017,Nitrogen,Total,0.7,mg/l,,109,40.080231,-111.604139,,
Spanish Fork,06-13-2017,Nitrogen,Total,3.34,mg/l,,109,40.080231,-111.604139,,
Spanish Fork,07-20-2017,Nitrogen,Total,0.78,mg/l,,109,40.080231,-111.604139,,
Spanish Fork,07-25-2017,Nitrogen,Total,3.31,mg/l,,109,40.080231,-111.604139,,
Spanish Fork,08-10-2017,Nitrogen,Total,1.41,mg/l,,109,40.080231,-111.604139,,
Spanish Fork,09-15-2017,Nitrogen,Total,0.9,mg/l,,109,40.080231,-111.604139,,
Spanish Fork,11-17-2017,Nitrogen,Total,0.6,mg/l,,109,40.080231,-111.604139,,
Spanish Fork,01-09-2018,Nitrogen,Total,2,mg/l,,109,40.080231,-111.604139,,
Spanish Fork,02-15-2018,Nitrogen,Total,1.7,mg/l,,109,40.080231,-111.604139,,
Spanish Fork,02-19-2018,Nitrogen,Total,0.6,mg/l,,109,40.080231,-111.604139,,
Spanish Fork,03-16-2018,Nitrogen,Total,0.5,mg/l,,109,40.080231,-111.604139,,
Spanish Fork,03-23-2018,Nitrogen,Total,0.5,mg/l,,109,40.080231,-111.604139,,
Spanish Fork,04-07-2018,Nitrogen,Total,0.7,mg/l,,109,40.080231,-111.604139,,
Spanish Fork,04-20-2018,Nitrogen,Total,1.7,mg/l,,109,40.080231,-111.604139,,
Spanish Fork,04-30-2018,Nitrogen,Total,0.7,mg/l,,109,40.080231,-111.604139,,
Spanish Fork,05-03-2018,Nitrogen,Total,1.8,mg/l,,109,40.080231,-111.604139,,
Spanish Fork,08-21-2018,Nitrogen,Total,3.5,mg/l,,109,40.080231,-111.604139,,
Spanish Fork,08-22-2018,Nitrogen,Total,5.2,mg/l,,109,40.080231,-111.604139,,
Spanish Fork,10-03-2018,Nitrogen,Total,1.1,mg/l,,109,40.080231,-111.604139,,
Spanish Fork,10-10-2018,Nitrogen,Total,0.6,mg/l,,109,40.080231,-111.604139,,
Spanish Fork,11-30-2018,Nitrogen,Total,0.8,mg/l,,109,40.080231,-111.604139,,
Spanish Fork,01-18-2019,Nitrogen,Total,0.2,mg/l,,109,40.080231,-111.604139,,
Spanish Fork,03-02-2019,Nitrogen,Total,0.8,mg/l,,109,40.080231,-111.604139,,
Spanish Fork,03-29-2019,Nitrogen,Total,0.2,mg/l,,109,40.080231,-111.604139,,
Spanish Fork,04-10-2019,Nitrogen,Total,0.8,mg/l,,109,40.080231,-111.604139,,
Spanish Fork,04-21-2019,Nitrogen,Total,1.1,mg/l,,109,40.080231,-111.604139,,
Spanish Fork,05-07-2019,Nitrogen,Total,1.3,mg/l,,109,40.080231,-111.604139,,
Spanish Fork,05-21-2019,Nitrogen,Total,0.5,mg/l,,109,40.080231,-111.604139,,
Spanish Fork,08-01-2019,Nitrogen,Total,0.9,mg/l,,109,40.080231,-111.604139,,
Spanish Fork,08-09-2019,Nitrogen,Total,1.8,mg/l,,109,40.080231,-111.604139,,
Spanish Fork,08-28-2019,Nitrogen,Total,6.7,mg/l,,109,40.080231,-111.604139,,
Spanish Fork,11-20-2019,Nitrogen,Total,2.3,mg/l,,109,40.080231,-111.604139,,
Spanish Fork,01-16-2020,Nitrogen,Total,0.7,mg/l,,109,40.080231,-111.604139,,
Spanish Fork,01-23-2020,Nitrogen,Total,1.1,mg/l,,109,40.080231,-111.604139,,
Spanish Fork,03-13-2020,Nitrogen,Total,0.7,mg/l,,109,40.080231,-111.604139,,
Spanish Fork,03-25-2020,Nitrogen,Total,0.5,mg/l,,109,40.080231,-111.604139,,
BYU,10-31-2016,Phosphorus,Total,0.03,mg/l,,101,40.244067,-111.650689,,
BYU,11-21-2016,Phosphorus,Total,0.04,mg/l,,101,40.244067,-111.650689,,
BYU,11-29-2016,Phosphorus,Total,0.02,mg/l,,101,40.244067,-111.650689,,
BYU,12-01-2016,Phosphorus,Total,0.21,mg/l,,101,40.244067,-111.650689,,
BYU,12-10-2016,Phosphorus,Total,0.15,mg/l,,101,40.244067,-111.650689,,
BYU,12-12-2016,Phosphorus,Total,0.06,mg/l,,101,40.244067,-111.650689,,
BYU,12-16-2016,Phosphorus,Total,0.13,mg/l,,101,40.244067,-111.650689,,
BYU,01-03-2017,Phosphorus,Total,0,mg/l,No detected,101,40.244067,-111.650689,,
BYU,01-08-2017,Phosphorus,Total,0.28,mg/l,,101,40.244067,-111.650689,,
BYU,01-19-2017,Phosphorus,Total,0.21,mg/l,,101,40.244067,-111.650689,,
BYU,01-21-2017,Phosphorus,Total,0,mg/l,No detected,101,40.244067,-111.650689,,
BYU,02-07-2017,Phosphorus,Total,0.07,mg/l,,101,40.244067,-111.650689,,
BYU,02-10-2017,Phosphorus,Total,0.01,mg/l,,101,40.244067,-111.650689,,
BYU,02-18-2017,Phosphorus,Total,0.09,mg/l,,101,40.244067,-111.650689,,
BYU,02-19-2017,Phosphorus,Total,0.05,mg/l,,101,40.244067,-111.650689,,
BYU,02-23-2017,Phosphorus,Total,0.01,mg/l,,101,40.244067,-111.650689,,
BYU,02-27-2017,Phosphorus,Total,0.02,mg/l,,101,40.244067,-111.650689,,
BYU,03-05-2017,Phosphorus,Total,0.14,mg/l,,101,40.244067,-111.650689,,
BYU,03-23-2017,Phosphorus,Total,0.06,mg/l,,101,40.244067,-111.650689,,
BYU,03-27-2017,Phosphorus,Total,0,mg/l,No detected,101,40.244067,-111.650689,,
BYU,03-30-2017,Phosphorus,Total,0.04,mg/l,,101,40.244067,-111.650689,,
BYU,04-08-2017,Phosphorus,Total,0.14,mg/l,,101,40.244067,-111.650689,,
BYU,04-19-2017,Phosphorus,Total,0.23,mg/l,,101,40.244067,-111.650689,,
BYU,04-25-2017,Phosphorus,Total,0.01,mg/l,,101,40.244067,-111.650689,,
BYU,06-13-2017,Phosphorus,Total,0.34,mg/l,,101,40.244067,-111.650689,,
BYU,08-10-2017,Phosphorus,Total,0.15,mg/l,,101,40.244067,-111.650689,,
BYU,09-15-2017,Phosphorus,Total,0.13,mg/l,,101,40.244067,-111.650689,,
BYU,11-05-2017,Phosphorus,Total,0.29,mg/l,,101,40.244067,-111.650689,,
BYU,11-17-2017,Phosphorus,Total,0.1,mg/l,,101,40.244067,-111.650689,,
BYU,01-09-2018,Phosphorus,Total,0.11,mg/l,,101,40.244067,-111.650689,,
BYU,02-15-2018,Phosphorus,Total,0.14,mg/l,,101,40.244067,-111.650689,,
BYU,03-16-2018,Phosphorus,Total,0.01,mg/l,,101,40.244067,-111.650689,,
BYU,04-07-2018,Phosphorus,Total,0.18,mg/l,,101,40.244067,-111.650689,,
BYU,04-30-2018,Phosphorus,Total,0.03,mg/l,,101,40.244067,-111.650689,,
BYU,05-11-2018,Phosphorus,Total,0.05,mg/l,,101,40.244067,-111.650689,,
BYU,08-22-2018,Phosphorus,Total,0.21,mg/l,,101,40.244067,-111.650689,,
BYU,10-03-2018,Phosphorus,Total,0.11,mg/l,,101,40.244067,-111.650689,,
BYU,10-10-2018,Phosphorus,Total,0.02,mg/l,,101,40.244067,-111.650689,,
BYU,11-30-2018,Phosphorus,Total,0.01,mg/l,,101,40.244067,-111.650689,,
BYU,01-18-2019,Phosphorus,Total,0.02,mg/l,,101,40.244067,-111.650689,,
BYU,03-06-2019,Phosphorus,Total,0.02,mg/l,,101,40.244067,-111.650689,,
BYU,03-29-2019,Phosphorus,Total,0,mg/l,No detected,101,40.244067,-111.650689,,
BYU,04-21-2019,Phosphorus,Total,0.01,mg/l,,101,40.244067,-111.650689,,
BYU,05-21-2019,Phosphorus,Total,0.05,mg/l,,101,40.244067,-111.650689,,
BYU,08-09-2019,Phosphorus,Total,0.1,mg/l,,101,40.244067,-111.650689,,
BYU,09-11-2019,Phosphorus,Total,0.05,mg/l,,101,40.244067,-111.650689,,
BYU,11-20-2019,Phosphorus,Total,0.04,mg/l,,101,40.244067,-111.650689,,
BYU,01-23-2020,Phosphorus,Total,0.01,mg/l,,101,40.244067,-111.650689,,
BYU,03-13-2020,Phosphorus,Total,0.01,mg/l,,101,40.244067,-111.650689,,
BYU,03-25-2020,Phosphorus,Total,0.02,mg/l,,101,40.244067,-111.650689,,
BYU,01-18-2019,Ortho Phosphorus,Total,0,mg/l,No detected,101,40.244067,-111.650689,,
BYU,03-06-2019,Ortho Phosphorus,Total,0,mg/l,No detected,101,40.244067,-111.650689,,
BYU,09-11-2019,Ortho Phosphorus,Total,0,mg/l,No detected,101,40.244067,-111.650689,,
BYU,11-20-2019,Ortho Phosphorus,Total,0,mg/l,No detected,101,40.244067,-111.650689,,
BYU,01-23-2020,Ortho Phosphorus,Total,0,mg/l,No detected,101,40.244067,-111.650689,,
BYU,03-13-2020,Ortho Phosphorus,Total,0,mg/l,No detected,101,40.244067,-111.650689,,
BYU,03-25-2020,Ortho Phosphorus,Total,0,mg/l,No detected,101,40.244067,-111.650689,,
BYU,12-12-2016,Nitrogen,Total,0.82,mg/l,,101,40.244067,-111.650689,,
BYU,12-16-2016,Nitrogen,Total,0.43,mg/l,,101,40.244067,-111.650689,,
BYU,01-03-2017,Nitrogen,Total,0.72,mg/l,,101,40.244067,-111.650689,,
BYU,01-08-2017,Nitrogen,Total,9.59,mg/l,,101,40.244067,-111.650689,,
BYU,01-19-2017,Nitrogen,Total,1.51,mg/l,,101,40.244067,-111.650689,,
BYU,01-21-2017,Nitrogen,Total,1.24,mg/l,,101,40.244067,-111.650689,,
BYU,02-07-2017,Nitrogen,Total,1.91,mg/l,,101,40.244067,-111.650689,,
BYU,02-10-2017,Nitrogen,Total,0,mg/l,No detected,101,40.244067,-111.650689,,
BYU,02-18-2017,Nitrogen,Total,0,mg/l,No detected,101,40.244067,-111.650689,,
BYU,02-19-2017,Nitrogen,Total,1.65,mg/l,,101,40.244067,-111.650689,,
BYU,02-23-2017,Nitrogen,Total,1.04,mg/l,,101,40.244067,-111.650689,,
BYU,02-27-2017,Nitrogen,Total,0.88,mg/l,,101,40.244067,-111.650689,,
BYU,03-05-2017,Nitrogen,Total,1.87,mg/l,,101,40.244067,-111.650689,,
BYU,03-23-2017,Nitrogen,Total,3.06,mg/l,,101,40.244067,-111.650689,,
BYU,03-27-2017,Nitrogen,Total,1.25,mg/l,,101,40.244067,-111.650689,,
BYU,03-30-2017,Nitrogen,Total,2.27,mg/l,,101,40.244067,-111.650689,,
BYU,04-08-2017,Nitrogen,Total,2.81,mg/l,,101,40.244067,-111.650689,,
BYU,04-19-2017,Nitrogen,Total,3.22,mg/l,,101,40.244067,-111.650689,,
BYU,04-25-2017,Nitrogen,Total,0.8,mg/l,,101,40.244067,-111.650689,,
BYU,06-13-2017,Nitrogen,Total,2.03,mg/l,,101,40.244067,-111.650689,,
BYU,08-10-2017,Nitrogen,Total,2.88,mg/l,,101,40.244067,-111.650689,,
BYU,09-15-2017,Nitrogen,Total,0.91,mg/l,,101,40.244067,-111.650689,,
BYU,11-05-2017,Nitrogen,Total,6.3,mg/l,,101,40.244067,-111.650689,,
BYU,11-17-2017,Nitrogen,Total,1.8,mg/l,,101,40.244067,-111.650689,,
BYU,01-09-2018,Nitrogen,Total,5.6,mg/l,,101,40.244067,-111.650689,,
BYU,02-15-2018,Nitrogen,Total,3.1,mg/l,,101,40.244067,-111.650689,,
BYU,03-16-2018,Nitrogen,Total,1.3,mg/l,,101,40.244067,-111.650689,,
BYU,04-07-2018,Nitrogen,Total,2.7,mg/l,,101,40.244067,-111.650689,,
BYU,04-30-2018,Nitrogen,Total,0.6,mg/l,,101,40.244067,-111.650689,,
BYU,05-11-2018,Nitrogen,Total,2.1,mg/l,,101,40.244067,-111.650689,,
BYU,08-22-2018,Nitrogen,Total,5.8,mg/l,,101,40.244067,-111.650689,,
BYU,10-03-2018,Nitrogen,Total,1.8,mg/l,,101,40.244067,-111.650689,,
BYU,10-10-2018,Nitrogen,Total,0.6,mg/l,,101,40.244067,-111.650689,,
BYU,11-30-2018,Nitrogen,Total,0.5,mg/l,,101,40.244067,-111.650689,,
BYU,01-18-2019,Nitrogen,Total,0,mg/l,No detected,101,40.244067,-111.650689,,
BYU,03-06-2019,Nitrogen,Total,0.8,mg/l,,101,40.244067,-111.650689,,
BYU,03-29-2019,Nitrogen,Total,1.4,mg/l,,101,40.244067,-111.650689,,
BYU,04-21-2019,Nitrogen,Total,1.9,mg/l,,101,40.244067,-111.650689,,
BYU,05-21-2019,Nitrogen,Total,1.4,mg/l,,101,40.244067,-111.650689,,
BYU,08-09-2019,Nitrogen,Total,2,mg/l,,101,40.244067,-111.650689,,
BYU,09-11-2019,Nitrogen,Total,1.6,mg/l,,101,40.244067,-111.650689,,
BYU,11-20-2019,Nitrogen,Total,5.1,mg/l,,101,40.244067,-111.650689,,
BYU,01-23-2020,Nitrogen,Total,1.2,mg/l,,101,40.244067,-111.650689,,
BYU,03-13-2020,Nitrogen,Total,2.2,mg/l,,101,40.244067,-111.650689,,
BYU,03-25-2020,Nitrogen,Total,0.4,mg/l,,101,40.244067,-111.650689,,
BYU,10-31-2016,Precipitation,,0.36,inches,,101,40.244067,-111.650689,,
BYU,11-21-2016,Precipitation,,0.33,inches,,101,40.244067,-111.650689,,
BYU,11-29-2016,Precipitation,,0.16,inches,,101,40.244067,-111.650689,,
BYU,12-01-2016,Precipitation,,0.02,inches,,101,40.244067,-111.650689,,
BYU,12-10-2016,Precipitation,,0.03,inches,,101,40.244067,-111.650689,,
BYU,12-12-2016,Precipitation,,0,inches,,101,40.244067,-111.650689,,
BYU,12-16-2016,Precipitation,,0.36,inches,,101,40.244067,-111.650689,,
